Hosp_ID,Patient_AMKA,Doctor_AMKA,Bed_ID,Dept_Name,Admission_Date,Discharge_Date,ICD10_Code,ICD10_Description,KEN_Code,Total_Cost
1,79193941824,33575450249,229,Ακτινολογικό,2025-05-20,2025-05-24,N81.3,Ολική πρόπτωση του κόλπου και της μήτρας,Γ04Μ,3232
2,60675545554,53262763012,148,ΜΕΘ,2025-03-20,2025-03-30,S85.8,Τραυματισμός άλλων αιμοφόρων αγγείων στο επίπεδο της κνήμης,Μ32Μβ,6542
3,15778787753,18193427864,118,Χειρουργικό,2026-01-27,2026-02-01,I05.2,Στένωση μιτροειδούς με ανεπάρκεια,Κ12Μ,1992
4,60710128556,67758463500,138,Παιδιατρικό,2025-04-27,2025-05-06,O22.3,Εν τω βάθει φλεβική θρόμβωση στην κύηση,Λ02Μ,5583
5,56140410465,94613426776,206,Οφθαλμολογικό,2025-02-22,2025-03-02,I47.1,Υπερκοιλιακή ταχυκαρδία,Κ43Χ,5896
6,13361231045,97287210691,186,Ουρολογικό,2025-03-16,2025-03-28,M10,Ουρική αρθρίτιδα,Μ24Α,2938
7,24472724997,85282038277,212,Δερματολογικό,2025-04-19,2025-04-27,I49.3,Κοιλιακή πρόωρη αναπόλωση,Κ02Α,4709
8,79193941824,30871168286,235,Μικροβιολογικό,2025-01-04,2025-01-16,T35.4,Μη καθορισμένο κρυοπάγημα του άνω άκρου,Μ02Μ,5641
9,94763453856,33575450249,225,Ακτινολογικό,2026-02-09,2026-02-13,M05.8,Άλλη οροθετική ρευματοειδής αρθρίτιδα,Μ03Χ,1110
10,37712184811,13706183648,228,Ακτινολογικό,2025-05-10,2025-05-19,P50.5,Εμβρυϊκή απώλεια αίματος από το κομμένο άκρο του ομφάλιου λώρου του δίδυμου εμβρύου,Τ22Α,4521
11,87956752664,18716063973,127,Παθολογικό,2025-04-16,2025-04-17,T80,"Επιπλοκές μετά από έγχυση, μετάγγιση και θεραπευτική ένεση",Φ63Μ,4045
12,20821766978,30871168286,238,Μικροβιολογικό,2025-08-20,2025-08-23,M10,Ουρική αρθρίτιδα,Μ12Μα,4536
13,16784882349,67697807470,157,Επειγόντων Περιστατικών,2025-07-10,2025-07-14,M18.9,"Εκφυλιστική αρθρίτιδα της πρώτης καρπομετακάρπιας άρθρωσης, μη καθορισμένη",Μ24Α,1384
14,12492568041,95448079151,180,Νευρολογικό,2025-11-03,2025-11-10,M80.1,Οστεοπόρωση μετά από αφαίρεση των ωοθηκών με παθολογικό κάταγμα,Μ79Μ,1887
15,76677046089,78832401220,237,Μικροβιολογικό,2025-11-04,2025-11-18,N83.2,Άλλες και μη καθορισμένες κύστεις των ωοθηκών,Γ05Μ,6380
16,46056241622,44869451267,152,Επειγόντων Περιστατικών,2025-09-14,2025-09-27,Q17.9,"Συγγενής ανωμαλία του ωτός, μη καθορισμένη",Τ21Α,5039
17,29869861533,67758463500,132,Παιδιατρικό,2025-09-08,2025-09-22,T28.6,Χημικό έγκαυμα του οισοφάγου,Ζ02Μ,6150
18,60892712796,56784597458,159,Επειγόντων Περιστατικών,2025-01-02,2025-01-09,I51.6,"Καρδιαγγειακή νόσος, μη καθορισμένη",Κ30Μ,3427
19,69470469937,18193427864,114,Χειρουργικό,2025-06-08,2025-06-12,M83.9,"Οστεομαλακία ενηλίκων, μη καθορισμένη",Μ79Χ,3298
20,69470469937,81344410739,154,Επειγόντων Περιστατικών,2025-01-06,2025-01-09,Q22.6,Σύνδρομο υποπλαστικής δεξιάς καρδίας,Τ20Χ,2816
21,46104273577,77117947422,244,Ψυχιατρικό,2025-09-25,2025-09-28,H19.8,Περιγραφή μη διαθέσιμη,Ο04Α,4701
22,42410127541,18193427864,119,Χειρουργικό,2025-10-28,2025-11-06,C51.0,Μεγάλου χείλους,Σ02Μ,2873
23,79193941824,52288372388,139,Παιδιατρικό,2025-04-07,2025-04-20,F31.4,"Διπολική συναισθηματική διαταραχή, παρόν επεισόδιο βαριάς κατάθλιψης χωρίς ψυχωσικά συμπτώματα",Χ43Α,5514
24,81706746451,30639295654,110,Καρδιολογικό,2026-01-24,2026-02-06,I07.0,Στένωση της τριγλώχινας,Κ39Χ,3570
25,37997771362,18193427864,119,Χειρουργικό,2025-10-17,2025-10-24,D17.4,Καλόηθες νεόπλασμα λιπώδους ιστού των ενδοθωρακικών οργάνων,Δ10Α,1379
26,52575000527,56784597458,153,Επειγόντων Περιστατικών,2025-12-05,2025-12-16,P60,Διάχυτη ενδαγγειακή πήξη στο έμβρυο και το νεογνό,Τ23Α,3898
27,77560259223,90134508778,165,Ορθοπεδικό,2025-01-02,2025-01-11,I21.3,Οξύ διατοιχωματικό έμφραγμα του μυοκαρδίου μη καθορισμένης εντόπισης,Κ43Χ,6141
28,54288371049,95448079151,180,Νευρολογικό,2025-04-21,2025-05-01,S90.8,Άλλοι επιπολής τραυματισμοί του αστράγαλου και του άκρου πόδα,Μ75Χ,5086
29,11774503770,77117947422,249,Ψυχιατρικό,2025-10-15,2025-10-28,M12.2,Λαχνοοζώδης ορογονοθυλακίτιδα (μελαγχρωματική),Μ01Μ,5403
30,29572535212,18193427864,117,Χειρουργικό,2026-01-05,2026-01-07,M77.1,Έξω  επικονδυλίτιδα,Μ27Χ,2715
31,88554513243,37233268274,188,Ουρολογικό,2026-03-16,2026-03-20,Q13.4,Άλλες συγγενείς ανωμαλίες του κερατοειδούς,Τ22Α,3876
32,16784882349,45979296668,235,Μικροβιολογικό,2025-01-04,2025-01-18,Q21.1,Έλλειμμα στο μεσοκοιλιακό διάφραγμα [μεσοκολπικό έλλειμμα],Τ23Α,4807
33,67087810691,13706183648,222,Ακτινολογικό,2025-03-01,2025-03-11,M03.1*,Μεταλοιμώδης αρθρίτιδα στη σύφιλη,Μ01Χ,5996
34,82069926186,22561283452,182,Ουρολογικό,2025-11-14,2025-11-19,L03.9,"Κυτταρίτιδα, μη καθορισμένη",Δ24Χ,974
35,46812026582,84320135602,105,Καρδιολογικό,2026-02-21,2026-02-28,I06.8,Άλλες ρευματικές παθήσεις της αορτικής βαλβίδας ,Κ21Χ,1265
36,94574013001,98870684482,122,Παθολογικό,2025-01-27,2025-02-03,C81,Νόσος του Hodgkin,Π40Χ,3479
37,51010386800,56650467990,151,Επειγόντων Περιστατικών,2025-11-12,2025-11-14,S48.1,Τραυματικός ακρωτηριασμός στο επίπεδο μεταξύ ώμου και αγκώνα,Μ75Χ,4162
38,94804778024,20140926142,231,Μικροβιολογικό,2025-08-07,2025-08-09,I39*,Ενδοκαρδίτιδα και διαταραχές των καρδιακών βαλβίδων σε νοσήματα που ταξινομούνται αλλού,Κ18Χ,4800
39,73355304328,55878996856,151,Επειγόντων Περιστατικών,2026-02-02,2026-02-07,Q27.2,Άλλες συγγενείς ανωμαλίες της νεφρικής αρτηρίας,Τ25Μβ,3272
40,92131335755,27946441835,196,Γυναικολογικό,2025-01-04,2025-01-06,M61.0,Τραυματική οστεοποιητική μυοσίτιδα,Μ27Μ,1064
41,30276014150,53727815147,185,Ουρολογικό,2025-02-27,2025-02-28,M18,Εκφυλιστική αρθρίτιδα της πρώτης καρπομετακάρπιας άρθρωσης,Μ01Χ,4262
42,74229039891,57199282441,227,Ακτινολογικό,2025-02-02,2025-02-13,M11,Άλλες κρυσταλλογενείς αρθρίτιδες,Μ03Χ,2088
43,52610866930,80036372124,166,Ορθοπεδικό,2025-07-18,2025-07-26,K56.6,Άλλη και μη καθορισμένη απόφραξη του εντέρου,Π46Α,3424
44,79838249029,13706183648,221,Ακτινολογικό,2025-07-21,2025-08-01,P56,Εμβρυϊκός ύδρωπας που οφείλεται σε αιμολυτική νόσο ,Τ25Μα,4174
45,79695643575,27946441835,195,Γυναικολογικό,2025-12-03,2025-12-14,I47.1,Υπερκοιλιακή ταχυκαρδία,Τ02Α,2246
46,29770533417,91367023329,145,ΜΕΘ,2025-01-20,2025-01-25,P29.9,"Καρδιαγγειακή διαταραχή που προέρχεται από την περιγεννητική περίοδο, μη ",Τ20Μ,4568
47,37624612283,74895326292,223,Ακτινολογικό,2025-03-27,2025-04-05,I06.3,Περιγραφή μη διαθέσιμη,Κ39Χ,2222
48,93826706493,32379434579,215,Δερματολογικό,2025-07-09,2025-07-22,S88.0,Τραυματικός ακρωτηριασμός στο επίπεδο του γόνατος,Μ23Α,6085
49,67243789496,51734845697,126,Παθολογικό,2025-09-16,2025-09-25,M03*,Μεταλοιμώδεις και αντιδραστικές αρθρίτιδες σε νοσήματα που ταξινομούνται αλλού,Μ01Μ,4423
50,17326715196,77117947422,249,Ψυχιατρικό,2025-05-21,2025-05-25,S54.2,Τραυματισμός του κερκιδικού νεύρου στο επίπεδο του αντιβραχίου,Μ74Α,2019
51,15914109671,56650467990,153,Επειγόντων Περιστατικών,2026-02-13,2026-02-16,M01.2*,Αρθρίτιδα στη νόσο του Lyme (A69.2+ ),Μ01Χ,4262
52,80313238304,80036372124,162,Ορθοπεδικό,2025-08-01,2025-08-07,P93,Αντιδράσεις και δηλητηριάσεις που οφείλονται σε φάρμακα που χορηγούνται στο έμβρυο και το νεογνό,Τ20Μ,4794
53,51746273679,30689575097,202,Οφθαλμολογικό,2025-02-18,2025-03-02,N82.5,Συρίγγια μεταξύ των γυναικείων γεννητικών οργάνων και του δέρματος,Γ10Α,6490
54,12633175052,96575194408,109,Καρδιολογικό,2025-11-02,2025-11-13,M65.0,Απόστημα του τενόντιου ελύτρου,Μ73Μ,3209
55,24964725321,53434182353,172,Νευρολογικό,2025-11-01,2025-11-07,E05.2,Θυρεοτοξίκωση με τοξική πολυοζώδη βρογχοκήλη,Θ24Μ,3109
56,29450522876,18193427864,113,Χειρουργικό,2025-03-16,2025-03-21,M23.5,Χρόνια αστάθεια του γόνατος,Μ18Α,4471
57,79695643575,80036372124,161,Ορθοπεδικό,2025-09-15,2025-09-17,Q22.8,Άλλες συγγενείς ανωμαλίες της τριγλώχινας βαλβίδας,Τ23Α,1474
58,13578442492,41069533517,242,Ψυχιατρικό,2025-12-01,2025-12-12,M62.5,"Μυϊκή αδυναμία και ατροφία, που δεν ταξινομείται αλλού",Μ27Χ,4227
59,13912513577,60334753081,165,Ορθοπεδικό,2026-03-23,2026-03-30,M51.3,Άλλη καθορισμένη εκφύλιση μεσοσπονδύλιου δίσκου,Μ09Χ,6251
60,16963648622,18716063973,129,Παθολογικό,2025-10-16,2025-10-25,I07.1,Ανεπάρκεια της τριγλώχινας,Κ30Χ,4527
61,79193941824,13706183648,227,Ακτινολογικό,2025-05-20,2025-05-21,M51.3,Άλλη καθορισμένη εκφύλιση μεσοσπονδύλιου δίσκου,Μ09Μ,2363
62,94574013001,82857924186,188,Ουρολογικό,2025-06-24,2025-07-01,M05.0,Σύνδρομο Felty,Μ32Μβ,5498
63,93826706493,98451520706,235,Μικροβιολογικό,2025-05-19,2025-05-27,C88.7,Άλλα κακοήθη ανοσοϋπερπλαστικά νοσήματα,Σ02Μ,2709
64,84047176955,85282038277,215,Δερματολογικό,2025-11-15,2025-11-23,S00.4,Επιπολής τραυματισμός του ωτός,Δ25Χ,5558
65,42145824142,52288372388,133,Παιδιατρικό,2025-05-03,2025-05-11,M18.3,Άλλη μετατραυματική εκφυλιστική αρθρίτιδα της πρώτης καρπομετακάρπιας άρθρωσης,Μ01Χ,5418
66,57869321901,30871168286,238,Μικροβιολογικό,2025-02-22,2025-02-28,149.3,Περιγραφή μη διαθέσιμη,Κ38Μ,4201
67,36356584813,80036372124,168,Ορθοπεδικό,2025-01-15,2025-01-17,S75.2,Τραυματισμός της μείζονας σαφηνούς φλέβας στο επίπεδο του ισχίου και του μηρού,Μ63Χ,1616
68,64914681191,18716063973,126,Παθολογικό,2025-09-07,2025-09-09,N73.6,Συμφύσεις του πυελικού περιτοναίου της γυναίκας,Γ04Χ,4114
69,60675545554,98870684482,129,Παθολογικό,2025-01-13,2025-01-21,I43.2* ,Περιγραφή μη διαθέσιμη,Κ45Μα,3221
70,26646644484,35134846364,173,Νευρολογικό,2026-01-13,2026-01-22,N50.9,"Διαταραχή των ανδρικών γεννητικών οργάνων, μη καθορισμένη",Β04Α,4079
71,96763184814,52288372388,139,Παιδιατρικό,2025-11-07,2025-11-12,Q28.8,Άλλες καθορισμένες συγγενείς ανωμαλίες του κυκλοφορικού συστήματος,Τ23Α,2080
72,96383287869,52288372388,140,Παιδιατρικό,2026-03-19,2026-03-25,P21.9,"Ασφυξία κατά τη γέννηση, μη καθορισμένη",Τ20Μ,4794
73,73342830116,89981892222,162,Ορθοπεδικό,2025-09-18,2025-09-23,I22.1,Επακόλουθο έμφραγμα του μυοκαρδίου κατωτέρου τοιχώματος,Κ39Χ,1885
74,45302599227,53434182353,178,Νευρολογικό,2026-01-23,2026-02-05,I35.9,"Διαταραχή της αορτικής βαλβίδας, μη καθορισμένη",Κ04Μ,5674
75,29869861533,30871168286,234,Μικροβιολογικό,2025-09-07,2025-09-11,P70.2,Νεογνικός σακχαρώδης διαβήτης,Τ22Α,3876
76,15778787753,47960718664,137,Παιδιατρικό,2025-07-21,2025-07-24,S31,"Ανοικτό τραύμα της κοιλίας, του κατώτερου τμήματος της ράχης και της πυέλου",Μ73Μ,1944
77,13578442492,53434182353,172,Νευρολογικό,2025-07-03,2025-07-06,O99.7,"Νοσήματα του δέρματος και του υποδορίου ιστού που επιπλέκουν την κύηση, τον τοκετό και τη λοχεία",Λ26Α,3396
78,33169238506,57199282441,221,Ακτινολογικό,2025-12-02,2025-12-11,H35.6,Αιμορραγία του αμφιβληστροειδούς,Ο22Α,5337
79,83923601134,37233268274,181,Ουρολογικό,2025-02-16,2025-03-02,I42.2,Άλλες μορφές υπερτροφικής μυοκαρδιοπάθειας,Κ32Χ,3446
80,64914681191,53434182353,179,Νευρολογικό,2026-01-18,2026-01-25,M62.4,Μυϊκή σύσπαση,Μ72Μ,5004
81,88777792801,90134508778,162,Ορθοπεδικό,2026-03-10,2026-03-23,T81.8,"Άλλες επιπλοκές επεμβάσεων, που δεν ταξινομούνται αλλού",Τ02Α,2936
82,28604483021,99795619901,175,Νευρολογικό,2025-12-11,2025-12-22,F95,Διαταραχές που εκδηλώνονται με μυοσπάσματα (τικ),Χ48Α,1691
83,32602560891,52288372388,133,Παιδιατρικό,2025-05-24,2025-06-02,N33.8,Περιγραφή μη διαθέσιμη,Υ23Χ,5501
84,86564797930,39243562439,148,ΜΕΘ,2026-03-09,2026-03-17,I51.8,Άλλες ασαφώς οριζόμενες καρδιοπάθειες,Κ46Μ,3815
85,12492568041,83923788555,146,ΜΕΘ,2025-04-11,2025-04-13,I08.7,Περιγραφή μη διαθέσιμη,Κ30Μ,2626
86,99832744737,27946441835,199,Γυναικολογικό,2025-09-02,2025-09-03,Q13.5,Κυανοί σκληροί,Τ23Α,1474
87,13361231045,77117947422,249,Ψυχιατρικό,2025-12-15,2025-12-29,C21.8,"Επικαλύπτουσα αλλοίωση του ορθού, του πρωκτού και του πρωκτικού σωλήνα ",Σ23Α,5241
88,39912331805,19276620746,206,Οφθαλμολογικό,2025-09-20,2025-09-28,T82.1,Μηχανική επιπλοκή καρδιακής ηλεκτρονικής συσκευής,Τ02Α,1211
89,58338345625,18193427864,113,Χειρουργικό,2025-06-17,2025-06-29,Q20.9,"Συγγενής ανωμαλία των καρδιακών κοιλοτήτων και των μεταξύ τους συνδέσεων, μη καθορισμένη",Τ20Μ,6150
90,73757238292,27946441835,196,Γυναικολογικό,2025-01-14,2025-01-20,F21,Σχιζότυπη διαταραχή ,Ν24Μ,5437
91,47997346659,36702445480,131,Παιδιατρικό,2025-02-05,2025-02-16,I52.8*,Άλλες καρδιακές διαταραχές σε άλλα νοσήματα που ταξινομούνται αλλού,Κ17Χ,5590
92,74239645514,52288372388,133,Παιδιατρικό,2025-03-15,2025-03-28,J44.1,"Χρόνια αποφρακτική πνευμονοπάθεια με οξεία παρόξυνση, μη καθορισμένη",Α25Χ,3200
93,16716715515,31551628292,102,Καρδιολογικό,2025-10-17,2025-10-19,I42.5,Άλλες μορφές περιοριστικής μυοκαρδιοπάθειας,Κ44Α,3872
94,24964725321,94613426776,207,Οφθαλμολογικό,2025-12-25,2026-01-05,D32,Καλόηθες νεόπλασμα των μηνίγγων,Σ24Α,4665
95,33044110184,51927673524,134,Παιδιατρικό,2025-11-18,2025-11-27,Q15.9,"Συγγενής ανωμαλία του οφθαλμού, μη καθορισμένη",Τ20Μ,5472
96,29572535212,53262763012,144,ΜΕΘ,2025-05-12,2025-05-14,Q30.9,"Συγγενής ανωμαλία της ρίνας, μη καθορισμένη",Τ20Χ,2816
97,20821766978,82857924186,190,Ουρολογικό,2025-05-08,2025-05-17,I47.1,Υπερκοιλιακή ταχυκαρδία,Κ38Χ,4069
98,70772805029,51927673524,138,Παιδιατρικό,2025-03-01,2025-03-05,O99.3,Ψυχικές διαταραχές και νοσήματα του νευρικού συστήματος που επιπλέκουν την ,Λ02Μ,4408
99,61249169584,85282038277,213,Δερματολογικό,2025-09-10,2025-09-20,G11,Κληρονομική αταξία,Ν27Μα,3844
100,96383287869,33575450249,225,Ακτινολογικό,2025-06-21,2025-06-27,E27.9,"Διαταραχή των επινεφριδίων, μη καθορισμένη ",Θ03Α,3094
101,17326715196,85282038277,212,Δερματολογικό,2025-08-14,2025-08-27,D68.9,"Διαταραχή της πήξης, μη καθορισμένη",Κ38Χ,5417
102,58145615428,30689575097,205,Οφθαλμολογικό,2025-12-21,2025-12-27,M48.3,Τραυματική σπονδυλοπάθεια,Μ73Μ,1944
103,94574013001,20140926142,236,Μικροβιολογικό,2025-07-14,2025-07-26,S76,Τραυματισμός μυός και τένοντα στο επίπεδο του ισχίου και του μηρού,Μ61Μ,3533
104,64401533943,40889689402,171,Νευρολογικό,2025-09-14,2025-09-23,J86,Πυοθώρακας,Κ38Μ,4579
105,99138936275,85282038277,211,Δερματολογικό,2025-09-19,2025-09-22,I47.0,Κοιλιακή αρρυθμία επανεισόδου,Κ01Χ,2133
106,80029940384,65063112418,225,Ακτινολογικό,2025-07-15,2025-07-16,Q24.3,Πνευμονική χοανοειδής στένωση,Τ23Α,1474
107,98081585082,20287442157,192,Γυναικολογικό,2026-01-30,2026-02-02,Q63.2,Έκτοπος νεφρός,Τ21Α,4255
108,18352921227,18193427864,117,Χειρουργικό,2026-02-12,2026-02-13,M62.2,Ισχαιμικό μυϊκό έμφρακτο,Μ71Μ,4316
109,58145615428,46055220563,231,Μικροβιολογικό,2025-08-27,2025-09-07,S42.3,Κάταγμα της διάφυσης του βραχιόνιου οστού,Μ75Χ,5218
110,29572535212,97287210691,190,Ουρολογικό,2025-05-11,2025-05-24,T06.5,Τραυματισμοί ενδοθωρακικών οργάνων με ενδοκοιλιακά και πυελικά όργανα,Μ23Α,6085
111,67243789496,52288372388,135,Παιδιατρικό,2026-03-09,2026-03-21,Y62.5,Κατά τη διάρκεια καρδιακού καθετηριασμού,Κ46Μ,4467
112,74239645514,52288372388,138,Παιδιατρικό,2025-09-01,2025-09-06,R91,Παθολογικά ευρήματα στη διαγνωστική απεικόνιση του πνεύμονα,Α12Χ,2131
113,15914109671,62496380045,182,Ουρολογικό,2026-01-05,2026-01-13,S43.2,Εξάρθρημα της στερνοκλειδικής άρθρωσης,Μ75Χ,4822
114,15177314527,15517900330,188,Ουρολογικό,2026-03-06,2026-03-14,Q33.1,Επικουρικός λοβός του πνεύμονα ,Τ23Α,2989
115,13912513577,20287442157,198,Γυναικολογικό,2025-06-17,2025-06-22,Q31.0,Μεμβράνη του λάρυγγα,Τ23Α,2080
116,76273240493,85282038277,220,Δερματολογικό,2026-03-26,2026-03-28,I23.5,Ρήξη των θηλοειδών μυών ως τρέχουσα επιπλοκή μετά από οξύ έμφραγμα μυοκαρδίου,Κ07Χ,3785
117,86118625589,62496380045,182,Ουρολογικό,2025-03-05,2025-03-15,I10,Ιδιοπαθής (πρωτοπαθής) υπέρταση,Κ38Μ,4705
118,16963648622,47960718664,136,Παιδιατρικό,2025-03-10,2025-03-16,S98,Τραυματικός ακρωτηριασμός του αστράγαλου και του άκρου πόδα,Μ75Μ,4308
119,13444119814,98870684482,129,Παθολογικό,2025-07-16,2025-07-19,J95,"Μετεπεμβατικές αναπνευστικές διαταραχές, που δεν ταξινομούνται αλλού",Κ43Μ,1876
120,21354669087,47960718664,132,Παιδιατρικό,2026-03-17,2026-03-23,I40.7,Περιγραφή μη διαθέσιμη,Κ30Χ,4002
121,21354669087,74997800957,207,Οφθαλμολογικό,2025-07-07,2025-07-10,F64.1,Παρενδυσία διπλού ρόλου,Χ47Α,4079
122,23752690099,48486875122,194,Γυναικολογικό,2025-04-10,2025-04-18,H10.9,"Επιπεφυκίτιδα, μη καθορισμένη.",Ο23Α,3190
123,73050978275,39243562439,144,ΜΕΘ,2025-02-06,2025-02-17,Α05,Περιγραφή μη διαθέσιμη,Ρ24Χ,3805
124,77458145750,91367023329,149,ΜΕΘ,2025-02-18,2025-02-28,P28.0,Πρωτοπαθής ατελεκτασία του νεογνού,Τ21Α,4703
125,90877920694,21389790404,239,Μικροβιολογικό,2025-05-19,2025-06-01,S92.7,Πολλαπλά κατάγματα του άκρου πόδα,Μ01Χ,6863
126,42145824142,94613426776,207,Οφθαλμολογικό,2025-12-24,2026-01-02,Z88,"Ατομικό ιστορικό αλλεργίας σε φάρμακα, φαρμακευτικές και βιολογικές ουσίες",Φ61Α,5115
127,23206152564,90134508778,168,Ορθοπεδικό,2025-06-06,2025-06-16,P92.9,"Πρόβλημα σίτισης του νεογνού, μη καθορισμένο",Τ23Α,3595
128,12492568041,56784597458,151,Επειγόντων Περιστατικών,2025-03-01,2025-03-11,C50.1,Κεντρικού τμήματος του μαστού,Σ23Α,3641
129,80207593880,77117947422,246,Ψυχιατρικό,2025-08-23,2025-09-06,P91.9,"Εγκεφαλική διαταραχή του νεογνού, μη καθορισμένη",Τ20Μ,6602
130,90907450300,18193427864,113,Χειρουργικό,2025-06-07,2025-06-21,C71.0,"Εγκεφάλου, εκτός των λοβών και των κοιλιών ",Σ24Α,5193
131,52334260261,45979296668,233,Μικροβιολογικό,2026-02-18,2026-03-04,P24.8,Άλλα σύνδρομα εισρόφησης στο νεογνό,Τ23Α,4807
132,33211322359,94613426776,203,Οφθαλμολογικό,2025-03-16,2025-03-25,M67.0,Βραχύς αχίλλειος τένοντας (επίκτητος),Μ72Μ,5736
133,39430819071,60334753081,170,Ορθοπεδικό,2025-04-26,2025-05-03,J18,"Πνευμονία, από μη καθορισμένους μικροοργανισμούς",Α22Μβ,3835
134,60892712796,90134508778,168,Ορθοπεδικό,2025-12-08,2025-12-17,R96,"Άλλος αιφνίδιος θάνατος, άγνωστης αιτιολογίας",Κ43Χ,6141
135,15679628443,60334753081,163,Ορθοπεδικό,2025-10-30,2025-11-13,M07.5*,Αρθρίτιδα στην ελκώδη κολίτιδα (K51.-+ ),Μ32Χ,5070
136,69237465396,80036372124,165,Ορθοπεδικό,2025-04-20,2025-04-30,F15.4,Περιγραφή μη διαθέσιμη,Ι24Α,3325
137,46762883228,85282038277,213,Δερματολογικό,2025-03-04,2025-03-12,Q17.0,Επικουρικό πτερύγιο ωτός,Τ26Μγ,2803
138,29770533417,99795619901,176,Νευρολογικό,2025-04-06,2025-04-11,J10.0,"Γρίπη με πνευμονία, από άλλους ταυτοποιημένους ιούς της γρίπης",Α10Μ,3425
139,33380044151,46055220563,233,Μικροβιολογικό,2025-05-31,2025-06-04,Q23.3,Συγγενής ανεπάρκεια της μιτροειδούς ,Κ38Χ,3732
140,97562086883,13706183648,227,Ακτινολογικό,2025-04-08,2025-04-21,R96,"Άλλος αιφνίδιος θάνατος, άγνωστης αιτιολογίας",Κ43Μ,2785
141,75406843147,32379434579,219,Δερματολογικό,2026-01-29,2026-02-12,Q21.0,Έλλειμμα στο μεσοκοιλιακό διάφραγμα [μεσοκοιλιακό έλλειμμα],Κ38Χ,5754
142,86118625589,18193427864,119,Χειρουργικό,2025-09-02,2025-09-05,I35.9,"Διαταραχή της αορτικής βαλβίδας, μη καθορισμένη",Κ30Χ,3652
143,45302599227,57199282441,222,Ακτινολογικό,2025-08-21,2025-08-31,Q52,Άλλες συγγενείς ανωμαλίες του γεννητικού συστήματος της γυναίκας,Τ23Α,3595
144,67243789496,46055220563,235,Μικροβιολογικό,2026-03-19,2026-04-02,S92.3,Κάταγμα μεταταρσίου οστού,Μ02Μ,5969
145,60142664132,33575450249,223,Ακτινολογικό,2025-09-13,2025-09-15,F31.8,Άλλες διπολικές συναισθηματικές διαταραχές,Χ43Α,3719
146,79838249029,22561283452,186,Ουρολογικό,2025-08-31,2025-09-05,I45.5,Άλλος καθορισμένος καρδιακός αποκλεισμός,Κ17Χ,4790
147,79838249029,56784597458,159,Επειγόντων Περιστατικών,2025-06-16,2025-06-26,Q02,Μικροκεφαλία,Τ23Α,3595
148,16784882349,62743168874,164,Ορθοπεδικό,2025-09-24,2025-10-07,I31.8 ,Περιγραφή μη διαθέσιμη,Κ45Μα,4771
149,54686989143,53262763012,149,ΜΕΘ,2026-03-24,2026-03-29,Q24,Άλλες συγγενείς ανωμαλίες της καρδιάς,Τ20Χ,2816
150,36584847761,60170274590,122,Παθολογικό,2025-09-19,2025-09-25,P91.1,Επίκτητες περικοιλιακές κύστεις του νεογνού,Τ20Μ,4794
151,70772805029,45979296668,232,Μικροβιολογικό,2025-08-27,2025-08-29,C93.1,Χρόνια μονοκυτταρική λευχαιμία,Σ21Μ,4604
152,60197902331,91367023329,150,ΜΕΘ,2025-07-06,2025-07-12,M86.4,Χρόνια οστεομυελίτιδα με παροχετευτική κοιλότητα,Μ12Χ,4185
153,80207593880,33860842912,225,Ακτινολογικό,2025-11-18,2025-11-20,C96.2,Κακοήθης μαστοκυτταρικός όγκος,Σ24Α,3785
154,54288371049,73253025603,245,Ψυχιατρικό,2025-01-22,2025-02-02,Q25.1,Στένωση του ισθμού της αορτής,Κ38Χ,4743
155,93964239543,19276620746,204,Οφθαλμολογικό,2026-02-15,2026-02-27,S61,Ανοικτό τραύμα του καρπού και της άκρας χείρας,Μ74Α,4011
156,82646811210,60344799227,153,Επειγόντων Περιστατικών,2025-10-16,2025-10-17,S85.7,Τραυματισμός πολλαπλών αιμοφόρων αγγείων στο επίπεδο της κνήμης,Μ23Α,3691
157,96763184814,60344799227,158,Επειγόντων Περιστατικών,2025-11-14,2025-11-20,C56,Κακόηθες νεόπλασμα της ωοθήκης,Γ01Α,1889
158,93904760474,94613426776,205,Οφθαλμολογικό,2026-01-08,2026-01-11,T29.5,"Χημικά εγκαύματα πολλαπλών περιοχών του σώματος, χωρίς να αναφέρεται ότι υπερβαίνουν τον πρώτο βαθμό",Ζ22Μ,1973
159,77458145750,60170274590,129,Παθολογικό,2025-03-07,2025-03-18,P22.0,Σύνδρομο αναπνευστικής δυσχέρειας του νεογνού,Τ23Α,3898
160,51010386800,18193427864,117,Χειρουργικό,2025-01-12,2025-01-20,S93.0,Εξάρθρημα της ποδοκνημικής άρθρωσης,Μ02Μ,4985
161,84686489688,30689575097,204,Οφθαλμολογικό,2025-04-24,2025-04-28,T04.4,Συνθλιπτικοί τραυματισμοί που αφορούν πολλαπλές περιοχές του(των) άνω άκρου(ων) με το(τα) κάτω άκρο(α),Μ23Α,3691
162,94455644293,62496380045,185,Ουρολογικό,2025-01-02,2025-01-09,Y62,"Αποτυχία μέτρων αντισηψίας, κατά τη διάρκεια χειρουργικής και ιατρικής φροντίδας",Κ17Χ,4790
163,33169238506,21389790404,231,Μικροβιολογικό,2025-02-08,2025-02-16,C39,Κακόηθες νεόπλασμα άλλων και ασαφώς καθοριζόμενων εντοπίσεων του αναπνευστικού συστήματος και των ενδοθωρακικών οργάνων,Σ02Μ,2709
164,82069926186,51734845697,123,Παθολογικό,2025-03-19,2025-03-27,I24.1 ,Περιγραφή μη διαθέσιμη,Κ40Μ,5505
165,29572535212,41069533517,241,Ψυχιατρικό,2025-09-25,2025-09-26,M70.0,Χρόνια κριγμώδης υμενίτιδα της άκρας χείρας και του καρπού ,Μ71Μ,4316
166,40009025265,32379434579,214,Δερματολογικό,2025-04-20,2025-04-23,T82.8,"Άλλες επιπλοκές καρδιακών και αγγειακών προσθετικών βαλβίδων, εμφυτευμάτων και μοσχευμάτων",Κ18Μ,4876
167,54288371049,57199282441,226,Ακτινολογικό,2025-08-19,2025-08-20,I86,Κιρσώδεις φλέβες άλλων εντοπίσεων,Κ14Μα,3806
168,74749378297,37233268274,186,Ουρολογικό,2026-02-17,2026-02-25,I61,Ενδοεγκεφαλική αιμορραγία,Ν30Α,6029
169,23585968077,96575194408,110,Καρδιολογικό,2025-09-09,2025-09-13,I08.3,"Συνδυασμένες διαταραχές της μιτροειδούς, της αορτικής και της τριγλώχινας βαλβίδας",Κ03Μ,1893
170,60710128556,67758463500,135,Παιδιατρικό,2026-03-18,2026-03-22,J94.0,Χυλοθώρακας,Ε06Χβ,4820
171,54686989143,31551628292,104,Καρδιολογικό,2026-01-15,2026-01-18,C85,Άλλοι και μη καθορισμένοι τύποι μη-Hodgkin λεμφώματος,Α31Μ,1987
172,46056241622,30689575097,202,Οφθαλμολογικό,2026-03-16,2026-03-24,C82,Θυλακιώδες [οζώδες] μη-Hodgkin λέμφωμα,Α12Χ,3232
173,88777792801,67758463500,137,Παιδιατρικό,2025-02-28,2025-03-13,Q17.4,Ανωμαλίες της θέσης του ωτός,Τ27Μγ,3794
174,90907450300,92698522280,245,Ψυχιατρικό,2025-06-30,2025-07-02,Q41,"Συγγενής έλλειψη, ατρησία και στένωση του λεπτού εντέρου",Τ06Χ,2893
175,46499927205,30639295654,107,Καρδιολογικό,2025-10-18,2025-10-23,C24.9,"Χοληφόρου οδού, μη καθορισμένο",Σ23Α,2441
176,41260611685,77117947422,241,Ψυχιατρικό,2026-03-04,2026-03-07,N89.2,"Σοβαρή δυσπλασία του κόλπου, που δεν ταξινομείται αλλού",Γ01Α,1274
177,98081585082,32379434579,217,Δερματολογικό,2026-02-15,2026-02-25,P70.2,Νεογνικός σακχαρώδης διαβήτης,Τ24Α,2290
178,54686989143,31551628292,103,Καρδιολογικό,2025-04-17,2025-04-26,M07.6*,Άλλες εντεροπαθητικές αρθρίτιδες,Μ69Χ,6853
179,51010386800,62743168874,162,Ορθοπεδικό,2026-03-25,2026-04-04,S90.0,Θλάση του αστράγαλου,Μ01Μ,4668
180,47007408557,27946441835,195,Γυναικολογικό,2026-01-28,2026-02-07,P95,Εμβρυϊκός θάνατος μη καθορισμένης αιτίας,Τ23Α,3595
181,97114574026,56784597458,153,Επειγόντων Περιστατικών,2026-01-30,2026-02-06,P15.9,"Τραυματισμός κατά τον τοκετό, μη καθορισμένος",Τ20Μ,5020
182,88968226918,67697807470,157,Επειγόντων Περιστατικών,2025-06-02,2025-06-11,N81.0,Ουρηθροκήλη των γυναικών,Γ04Χ,4670
183,90907450300,62743168874,163,Ορθοπεδικό,2025-04-15,2025-04-25,M87.2,Οστεονέκρωση που οφείλεται σε προηγούμενο τραυματισμό,Μ04Χ,6487
184,36472981413,73253025603,243,Ψυχιατρικό,2025-03-29,2025-04-08,P51.0,Μαζική αιμορραγία από τον ομφάλιο λώρο του νεογνού,Τ23Α,3595
185,15778787753,83923788555,144,ΜΕΘ,2025-10-17,2025-10-24,E87.7,Υπερφόρτωση με υγρά,Θ22Μ,2419
186,33044110184,45979296668,232,Μικροβιολογικό,2025-02-14,2025-02-19,P39.2,"Ενδοαμνιακή λοίμωξη του εμβρύου, που δεν ταξινομείται αλλού",Τ21Α,4255
187,33211322359,20287442157,198,Γυναικολογικό,2025-07-24,2025-07-27,N11.8,Άλλη χρόνια διαμεσοσωληναριακή νεφρίτιδα,Υ02Χ,1146
188,97562086883,35134846364,178,Νευρολογικό,2026-03-25,2026-03-28,Q38.5,"Συγγενείς ανωμαλίες της υπερώας, που δεν ταξινομούνται αλλού",Τ23Α,1474
189,33044110184,73253025603,247,Ψυχιατρικό,2025-02-25,2025-03-11,Q30.3,Συγγενής διάτρηση του ρινικού διαφράγματος,Τ21Α,5151
190,84686489688,78832401220,233,Μικροβιολογικό,2025-06-23,2025-06-25,Q75.1,Κρανιοπροσωπική δυσόστωση,Τ27Μγ,1267
191,99832744737,57199282441,226,Ακτινολογικό,2025-10-05,2025-10-13,F41,Άλλες αγχώδεις διαταραχές,Χ45Α,2847
192,33169238506,51734845697,126,Παθολογικό,2025-09-19,2025-09-21,S76.4,Τραυματισμός άλλων και μη καθορισμένων μυών και τενόντων στο επίπεδο του μηρού,Μ21Α,1278
193,36024341293,39243562439,142,ΜΕΘ,2025-10-23,2025-10-25,Q25.7,Άλλες συγγενείς ανωμαλίες της πνευμονικής αρτηρίας,Κ38Μ,3823
194,33380044151,19276620746,210,Οφθαλμολογικό,2026-01-13,2026-01-22,E83.1,Διαταραχές του μεταβολισμού του σιδήρου,Θ23Μ,4373
195,15914109671,92698522280,248,Ψυχιατρικό,2025-04-27,2025-05-01,Q10.7,Συγγενής ανωμαλία του οφθαλμικού κόγχου,Τ23Α,1777
196,80997555070,27946441835,195,Γυναικολογικό,2025-08-17,2025-08-31,Q18,Άλλες συγγενείς ανωμαλίες του προσώπου και του τραχήλου,Τ24Α,3318
197,56837290051,67697807470,157,Επειγόντων Περιστατικών,2025-04-18,2025-04-23,M11.2,Άλλη χονδρασβέστωση,Μ66Χ,4715
198,23752690099,60170274590,130,Παθολογικό,2025-11-12,2025-11-14,I07.8,Άλλες παθήσεις της τριγλώχινας βαλβίδας,Κ18Χ,4800
199,26646644484,33575450249,222,Ακτινολογικό,2025-12-21,2025-12-31,M05,Οροθετική ρευματοειδής αρθρίτιδα,Μ24Α,2420
200,81960982018,83923788555,149,ΜΕΘ,2025-04-16,2025-04-28,G03,Μηνιγγίτιδα οφειλόμενη σε άλλα και μη καθορισμένα αίτια,Ν12Μ,3313
201,80997555070,67758463500,135,Παιδιατρικό,2025-03-27,2025-04-06,Q45.0,"Αγενεσία, απλασία και υποπλασία του παγκρέατος",Τ23Α,3595
202,70521038594,30871168286,232,Μικροβιολογικό,2025-12-25,2026-01-05,M10,Ουρική αρθρίτιδα,Μ32Μβ,6890
203,51746273679,67758463500,132,Παιδιατρικό,2025-09-11,2025-09-14,P58.8,Νεογνικός ίκτερος που οφείλεται σε άλλη καθορισμένη εκτεταμένη αιμόλυση,Τ26Μβ,4958
204,69918743476,37233268274,185,Ουρολογικό,2025-03-08,2025-03-10,P39,Άλλες λοιμώξεις ειδικές της περιγεννητικής περιόδου,Τ24Α,1776
205,12633175052,98901183989,146,ΜΕΘ,2025-10-21,2025-11-04,N80.1,Ενδομητρίωση της ωοθήκης,Γ05Μ,6380
206,29450522876,18716063973,129,Παθολογικό,2025-07-07,2025-07-19,M09.0*,Νεανική αρθρίτιδα στην ψωρίαση (L40.5+ ),Μ01Χ,6574
207,46812026582,33860842912,226,Ακτινολογικό,2025-12-03,2025-12-09,Q68,Άλλες συγγενείς μυοσκελετικές δυσπλασίες,Τ24Α,1776
208,97540413322,94613426776,208,Οφθαλμολογικό,2025-12-13,2025-12-19,Q06.1,Υποπλασία και δυσπλασία του νωτιαίου μυελού,Τ23Α,2383
209,94574013001,81344410739,154,Επειγόντων Περιστατικών,2025-07-20,2025-07-24,M19.2,Άλλη δευτεροπαθής εκφυλιστική αρθρίτιδα άλλων αρθρώσεων,Μ69Χ,5073
210,93826706493,74895326292,222,Ακτινολογικό,2025-05-20,2025-05-23,M13,Άλλη αρθρίτιδα,Μ66Χ,4715
211,52334260261,47960718664,134,Παιδιατρικό,2026-03-08,2026-03-10,Q67.7,Τροπιδοειδής θώρακας,Τ02Α,1211
212,24472724997,30639295654,107,Καρδιολογικό,2025-04-30,2025-05-04,I49,Άλλες καρδιακές αρρυθμίες,Κ10Χ,2931
213,93826706493,92698522280,248,Ψυχιατρικό,2025-10-09,2025-10-23,S13.6,Διάστρεμμα των αρθρώσεων και των συνδέσμων άλλων και μη καθορισμένων τμημάτων του τραχήλου,Μ06Α,5606
214,60675545554,53262763012,149,ΜΕΘ,2025-01-30,2025-02-10,S64.0,Τραυματισμός του ωλένιου νεύρου στο επίπεδο του καρπού και της άκρας χείρας ,Μ74Α,3762
215,94574013001,62743168874,168,Ορθοπεδικό,2025-04-05,2025-04-08,Q30,Συγγενείς ανωμαλίες της ρίνας ,Τ23Α,1474
216,93826706493,18193427864,112,Χειρουργικό,2025-05-17,2025-05-23,M88.0,Νόσος Paget του κρανίου,Μ25Μ,1525
217,29869861533,18716063973,122,Παθολογικό,2025-10-19,2025-10-30,I35.9,"Διαταραχή της αορτικής βαλβίδας, μη καθορισμένη",Κ17Μ,3706
218,60675545554,32379434579,220,Δερματολογικό,2025-05-23,2025-05-28,P28,Άλλες αναπνευστικές καταστάσεις που προέρχονται από την περιγεννητική περίοδο,Τ20Μ,4568
219,38935118118,91367023329,146,ΜΕΘ,2025-05-16,2025-05-28,P39,Άλλες λοιμώξεις ειδικές της περιγεννητικής περιόδου,Τ21Α,4927
220,67243789496,52288372388,136,Παιδιατρικό,2025-07-23,2025-07-24,P72.2,"Άλλες παροδικές νεογνικές διαταραχές της λειτουργίας του θυρεοειδούς, που δεν ταξινομούνται αλλού",Τ26Μγ,1897
221,82152244235,81344410739,157,Επειγόντων Περιστατικών,2025-10-15,2025-10-23,C41.2,Σπονδυλικής στήλης,Μ25Μ,1841
222,60197902331,30689575097,210,Οφθαλμολογικό,2025-03-29,2025-03-31,S87.8,Συνθλιπτικός τραυματισμός άλλων και μη καθορισμένων τμημάτων της κνήμης ,Μ32Χ,3474
223,17326715196,20287442157,199,Γυναικολογικό,2025-05-03,2025-05-13,P59.8,Νεογνικός ίκτερος από άλλα καθορισμένα αίτια,Τ23Α,3595
224,57714356848,67758463500,131,Παιδιατρικό,2025-05-19,2025-05-31,I35,Μη ρευματικές διαταραχές της αορτικής βαλβίδας,Κ21Χ,2269
225,69237465396,51734845697,121,Παθολογικό,2025-12-27,2026-01-07,P22.1,Παροδική ταχύπνοια του νεογνού,Τ20Μ,5924
226,82222304170,20287442157,198,Γυναικολογικό,2025-08-23,2025-08-31,T02.7,Κατάγματα που αφορούν τον θώρακα με το κατώτερο τμήμα της ράχης και της πυέλου με το(τα) άκρο(α),Μ23Α,4375
227,52575000527,27946441835,199,Γυναικολογικό,2025-06-19,2025-06-21,M18.1,Άλλη πρωτοπαθής εκφυλιστική αρθρίτιδα της πρώτης καρπομετακάρπιας άρθρωσης,Μ69Χ,4717
228,37624612283,40889689402,179,Νευρολογικό,2025-03-14,2025-03-19,Q30.1,Αγενεσία και ελλιπής ανάπτυξη της ρίνας,Τ20Μ,4568
229,57869321901,85282038277,217,Δερματολογικό,2026-01-09,2026-01-15,Q25.0,Ανοικτός αρτηριακός πόρος,Τ05Α,3239
230,18074378002,96575194408,105,Καρδιολογικό,2025-05-31,2025-06-01,I08.8,Άλλες πολυβαλβιδοπάθειες,Κ30Μ,2626
231,56140410465,94613426776,204,Οφθαλμολογικό,2026-03-13,2026-03-25,P71.2,Νεογνική υπομαγνησιαιμία ,Τ25Μβ,4833
232,79193941824,91367023329,148,ΜΕΘ,2025-02-17,2025-02-20,P77,Νεκρωτική εντεροκολίτιδα του εμβρύου και του νεογνού,Τ04Α,2528
233,94763453856,65063112418,229,Ακτινολογικό,2025-04-28,2025-05-09,Q74.3,Πολλαπλή συγγενής αρθρογρύπωση,Τ27Μβ,6915
234,94763453856,30871168286,233,Μικροβιολογικό,2025-07-10,2025-07-24,D43.4,Νωτιαίου μυελού,Ν05Α,6593
235,77560259223,22585413484,175,Νευρολογικό,2026-03-01,2026-03-04,S99.8,Άλλοι καθορισμένοι τραυματισμοί του αστράγαλου και του άκρου πόδα,Μ23Α,3691
236,91048487331,37233268274,190,Ουρολογικό,2025-10-15,2025-10-22,T34.5,Κρυοπάγημα του καρπού και της άκρας χείρας με νέκρωση ιστού,Μ02Χ,4494
237,30655380478,97287210691,184,Ουρολογικό,2026-03-22,2026-03-26,P11.0,Εγκεφαλικό οίδημα που οφείλεται σε τραυματισμό κατά τον τοκετό,Τ23Α,1777
238,82069926186,38538288127,152,Επειγόντων Περιστατικών,2025-10-15,2025-10-18,M62.3,Σύνδρομο ακινησίας (σε παραπληγία),Μ27Μ,1064
239,73757238292,32379434579,220,Δερματολογικό,2025-01-10,2025-01-14,P78,Άλλες περιγεννητικές διαταραχές του πεπτικού συστήματος ,Τ23Α,1777
240,46104273577,32379434579,213,Δερματολογικό,2026-02-14,2026-02-22,I06.0,Ρευματική αορτική στένωση ,Κ17Μ,2929
241,81706746451,18193427864,120,Χειρουργικό,2025-04-14,2025-04-22,T14.5,Τραυματισμός αιμοφόρου(ων) αγγείου(ων) μη καθορισμένης περιοχής του σώματος,Μ02Μ,4985
242,86564797930,47960718664,136,Παιδιατρικό,2025-12-15,2025-12-19,N26,"Μη καθορισμένος ρικνός νεφρός, ",Υ02Χ,1146
243,30655380478,96575194408,105,Καρδιολογικό,2025-07-04,2025-07-13,G61.9,"Φλεγμονώδης πολυνευροπάθεια, μη καθορισμένη",Ν12Χ,2063
244,46812026582,53262763012,144,ΜΕΘ,2025-08-19,2025-08-24,S51.7,Πολλαπλά ανοικτά τραύματα του αντιβραχίου,Δ25Μ,4684
245,68519847881,27946441835,191,Γυναικολογικό,2025-06-24,2025-07-05,H15.8,Άλλες διαταραχές του σκληρού ,Ο23Α,3811
246,40083827631,27946441835,191,Γυναικολογικό,2026-01-25,2026-02-02,Q61.3,"Πολυκυστικός νεφρός, μη καθορισμένος",Τ20Μ,5246
247,82222304170,60552999461,157,Επειγόντων Περιστατικών,2025-04-28,2025-05-01,Q26,Συγγενείς ανωμαλίες των μεγάλων φλεβών,Τ23Α,1474
248,13444119814,18193427864,118,Χειρουργικό,2026-01-14,2026-01-21,Q34,Άλλες συγγενείς ανωμαλίες του αναπνευστικού συστήματος,Τ23Α,2686
249,19822423053,13706183648,227,Ακτινολογικό,2025-05-30,2025-06-09,Q38,"Άλλες συγγενείς ανωμαλίες της γλώσσας, του στόματος και του φάρυγγα",Τ27Μγ,2711
250,13578442492,90134508778,166,Ορθοπεδικό,2025-04-23,2025-04-29,R07.1,Θωρακικός πόνος κατά την αναπνοή ,Α27Μ,4868
251,51746273679,96575194408,109,Καρδιολογικό,2025-10-12,2025-10-26,M63.2,Περιγραφή μη διαθέσιμη,Μ73Μ,3968
252,83278214895,31976884284,204,Οφθαλμολογικό,2025-05-04,2025-05-05,D35.8,Πολυαδενική συμμετοχή,Θ09Χα,4896
253,99832744737,60334753081,168,Ορθοπεδικό,2025-05-09,2025-05-22,E66.8,Άλλες μορφές παχυσαρκίας,Θ21Α,3101
254,90583591589,77117947422,247,Ψυχιατρικό,2025-02-15,2025-02-21,I49.8,Άλλες καθορισμένες καρδιακές αρρυθμίες,Τ02Α,1211
255,79193941824,27946441835,191,Γυναικολογικό,2025-08-23,2025-09-02,P72.8,Άλλες καθορισμένες παροδικές νεογνικές ενδοκρινικές διαταραχές ,Τ24Α,2290
256,94804778024,84320135602,103,Καρδιολογικό,2026-01-30,2026-02-02,Q98.0,"Σύνδρομο Klinefelter με καρυότυπο 47,ΧΧΥ",Τ26Μγ,2048
257,80029940384,96575194408,109,Καρδιολογικό,2025-08-16,2025-08-19,P54.2,Αιμορραγία του ορθού στο νεογνό ,Τ26Μβ,4958
258,80029940384,60170274590,123,Παθολογικό,2026-02-27,2026-03-02,T81.1,"Καταπληξία (shock) που συμβαίνει κατά τη διάρκεια ή προέρχεται από ιατρική επέμβαση, που δεν ταξινομείται αλλού",Κ12Μ,1694
259,32181508606,46055220563,239,Μικροβιολογικό,2025-01-14,2025-01-21,B77.0,Ασκαριδίαση με εντερικές επιπλοκές,Π44Χ,904
260,88777792801,77117947422,245,Ψυχιατρικό,2025-12-03,2025-12-05,C82,Θυλακιώδες [οζώδες] μη-Hodgkin λέμφωμα,Π40Μ,2107
261,54288371049,67758463500,132,Παιδιατρικό,2026-03-06,2026-03-17,P84,Περιγραφή μη διαθέσιμη,Τ20Μ,5924
262,37997771362,19276620746,201,Οφθαλμολογικό,2025-07-21,2025-07-28,Q84.8,Άλλες καθορισμένες συγγενείς ανωμαλίες οργάνων του καλυπτήριου συστήματος,Τ25Μγ,3480
263,60142664132,18193427864,117,Χειρουργικό,2025-10-10,2025-10-14,I27.8,Άλλες καθορισμένες πνευμονικές καρδιοπάθειες,Κ38Μ,3949
264,51010386800,62066779638,162,Ορθοπεδικό,2025-04-25,2025-05-01,P92,Προβλήματα σίτισης του νεογνού,Τ20Χ,2816
265,68916270219,84320135602,102,Καρδιολογικό,2026-03-25,2026-03-31,I13,Υπερτασική καρδιοπάθεια και νεφροπάθεια,Κ18Χ,5277
266,15914109671,53262763012,146,ΜΕΘ,2025-10-17,2025-10-28,Q06.2,Διαστηματομυελία,Τ23Α,3898
267,79838249029,67758463500,138,Παιδιατρικό,2025-11-17,2025-11-29,G70.1,Τοξικές νευρομυϊκές διαταραχές,Κ46Χ,5792
268,90973275997,75339133780,194,Γυναικολογικό,2025-07-24,2025-08-04,F34.8,Άλλες επίμονες διαταραχές της διάθεσης [συναισθηματικές],Χ43Α,4796
269,99064254588,32379434579,218,Δερματολογικό,2026-01-30,2026-02-11,Q35.2,Περιγραφή μη διαθέσιμη,Τ23Α,4201
270,67243789496,18193427864,111,Χειρουργικό,2025-03-07,2025-03-16,Q78.0,Ατελής οστεογένεση,Τ23Α,3292
271,29869861533,31551628292,102,Καρδιολογικό,2025-12-19,2026-01-01,P78.2,Αιματέμεση και μέλαινα του νεογνού που οφείλονται σε κατάποση μητρικού αίματος,Τ26Μγ,3558
272,58145615428,73253025603,244,Ψυχιατρικό,2025-08-24,2025-08-28,F60.0,Παρανοειδής διαταραχή  της προσωπικότητας,Χ47Α,4079
273,33263898781,53434182353,175,Νευρολογικό,2025-12-21,2025-12-25,C30.1,Μέσου ωτός,Σ02Μ,2709
274,70772805029,74895326292,230,Ακτινολογικό,2025-05-15,2025-05-25,P10.0,Υποσκληρίδια αιμορραγία που οφείλεται σε τραυματισμούς κατά τον τοκετό,Τ20Χ,3186
275,24297420672,31551628292,106,Καρδιολογικό,2025-08-13,2025-08-21,Q20.9,"Συγγενής ανωμαλία των καρδιακών κοιλοτήτων και των μεταξύ τους συνδέσεων, μη καθορισμένη",Τ25Μα,3736
276,60142664132,30639295654,102,Καρδιολογικό,2025-12-13,2025-12-24,I71.2,"Θωρακικό αορτικό ανεύρυσμα, χωρίς αναφορά για ρήξη",Κ38Χ,4743
277,90907450300,82857924186,184,Ουρολογικό,2025-11-21,2025-11-23,Q18.2,Άλλες ανωμαλίες της βραγχιακής σχισμής,Τ23Α,1474
278,98085604477,53262763012,149,ΜΕΘ,2026-02-23,2026-03-08,P10.3,Υπαραχνοειδής αιμορραγία που οφείλεται σε τραυματισμό κατά τον τοκετό,Τ01Α,4567
279,16784882349,57199282441,230,Ακτινολογικό,2025-05-10,2025-05-20,I08.2,Διαταραχές αμφότερων της αορτικής και της τριγλώχινας βαλβίδας,Ε13Α,4650
280,98085604477,74895326292,227,Ακτινολογικό,2025-10-21,2025-10-23,Q14.8,Άλλες συγγενείς ανωμαλίες του οπίσθιου τμήματος του οφθαλμού,Τ25Μγ,2415
281,83923601134,62743168874,161,Ορθοπεδικό,2025-12-22,2025-12-24,Q23.0,Συγγενής στένωση της αορτικής βαλβίδας,Κ38Χ,3732
282,60710128556,75339133780,197,Γυναικολογικό,2025-11-24,2025-11-29,Q62.2,Συγγενής μεγαουρητήρας,Τ22Α,4005
283,93904760474,84320135602,104,Καρδιολογικό,2025-01-22,2025-01-26,I23,Ορισμένες τρέχουσες επιπλοκές μετά από οξύ έμφραγμα μυοκαρδίου,Κ10Μ,3608
284,46104273577,32379434579,215,Δερματολογικό,2025-11-26,2025-12-06,C38,"Κακόηθες νεόπλασμα της καρδιάς, του μεσοθωράκιου και του υπεζωκότα",Σ23Α,3641
285,36356584813,62066779638,170,Ορθοπεδικό,2025-03-29,2025-04-03,I42.1,Αποφρακτική υπερτροφική μυοκαρδιοπάθεια,Κ18Χ,5118
286,13578442492,35895166626,199,Γυναικολογικό,2025-03-18,2025-03-29,M24.8,"Άλλες καθορισμένες παθήσεις της άρθρωσης, που δεν ταξινομούνται αλλού",Μ01Χ,6285
287,39430819071,65063112418,230,Ακτινολογικό,2025-08-24,2025-08-25,Q85.1,Οζώδης σκλήρυνση,Τ20Μ,3890
288,70521038594,40850595762,191,Γυναικολογικό,2025-12-07,2025-12-11,M11.8,Άλλες καθορισμένες κρυσταλλογενείς αρθρίτιδες,Μ01Χ,4262
289,26646644484,60552999461,156,Επειγόντων Περιστατικών,2025-03-29,2025-04-10,M08.1,Νεανική αγκυλοποιητική σπονδυλίτιδα,Μ66Μ,3291
290,99138936275,31551628292,106,Καρδιολογικό,2025-06-11,2025-06-23,Q17.8,Άλλες καθορισμένες συγγενείς ανωμαλίες του ωτός,Τ23Α,4201
291,93904760474,20287442157,191,Γυναικολογικό,2025-04-29,2025-05-10,P78.3,Μη λοιμώδης νεογνική διάρροια ,Τ24Α,2547
292,90907450300,33860842912,221,Ακτινολογικό,2026-01-11,2026-01-20,I33,Οξεία και υποξεία ενδοκαρδίτιδα,Κ18Μ,5255
293,69237465396,62743168874,167,Ορθοπεδικό,2025-03-01,2025-03-13,Q23.4,Σύνδρομο αριστερής υποπλαστικής καρδίας,Τ22Α,4908
294,79193941824,32379434579,214,Δερματολογικό,2025-08-10,2025-08-13,I08.3,"Συνδυασμένες διαταραχές της μιτροειδούς, της αορτικής και της τριγλώχινας βαλβίδας",Κ03Χ,929
295,64696919163,62496380045,189,Ουρολογικό,2025-11-02,2025-11-14,Q17.3,Άλλο παραμορφωμένο ούς,Τ23Α,4201
296,15778787753,98870684482,129,Παθολογικό,2025-03-06,2025-03-10,P14.9,"Τραυματισμός του περιφερικού νευρικού συστήματος κατά τον τοκετό, μη καθορισμένος",Τ22Α,3876
297,78572522733,80036372124,165,Ορθοπεδικό,2025-08-08,2025-08-11,P26.9,Μη καθορισμένη πνευμονική αιμορραγία που προέρχεται από την περιγεννητική περίοδο,Τ22Α,3747
298,67243789496,92698522280,241,Ψυχιατρικό,2025-08-22,2025-08-23,P12.1,Μυκητοειδής διαταραχή των τριχών που οφείλεται σε τραυματισμό κατά τον τοκετό,Τ20Χ,2816
299,46762883228,85282038277,217,Δερματολογικό,2025-12-01,2025-12-02,S26,Τραυματισμός της καρδιάς,Α26Μβ,1631
300,46104273577,48486875122,195,Γυναικολογικό,2026-03-09,2026-03-21,T32.0,Χημικά εγκαύματα που καταλαμβάνουν λιγότερο από το 10% της επιφάνειας σώματος,Ζ22Μ,3206
301,90877920694,82857924186,182,Ουρολογικό,2026-03-07,2026-03-17,I42.4,Ενδοκαρδιακή ινοελάστωση,Κ43Μ,2482
302,31753001276,40850595762,192,Γυναικολογικό,2026-03-14,2026-03-18,S67.8,Συνθλιπτικός τραυματισμός άλλων και μη καθορισμένων τμημάτων του καρπού και της άκρας χείρας,Μ73Μ,1944
303,11744318225,32379434579,215,Δερματολογικό,2025-04-30,2025-05-13,D37.7,Άλλων οργάνων του πεπτικού συστήματος,Σ02Μ,3529
304,15778787753,99795619901,177,Νευρολογικό,2025-07-22,2025-07-29,F41.2,Μικτή αγχώδης και καταθλιπτική διαταραχή,Χ45Α,2847
305,75406843147,78832401220,235,Μικροβιολογικό,2025-02-07,2025-02-08,P71.3,Νεογνική τετανία χωρίς ανεπάρκεια ασβεστίου ή μαγνησίου,Τ24Α,1776
306,90877920694,83923788555,146,ΜΕΘ,2025-02-18,2025-02-26,Q35.8,Περιγραφή μη διαθέσιμη,Τ22Α,4392
307,29450522876,35134846364,179,Νευρολογικό,2026-01-27,2026-02-07,I82,Άλλη φλεβική εμβολή και θρόμβωση,Κ12Χ,5958
308,99138936275,32379434579,220,Δερματολογικό,2025-02-10,2025-02-17,N15,Άλλες διαμεσοσωληναριακές νεφρικές παθήσεις,Υ20Χ,4220
309,90124206333,60334753081,166,Ορθοπεδικό,2026-01-15,2026-01-27,M05.3,Ρευματοειδής αρθρίτιδα με συμμετοχή άλλων οργάνων και συστημάτων,Κ45Μα,4461
310,23206152564,18716063973,130,Παθολογικό,2026-03-02,2026-03-07,Q14.0,Συγγενής ανωμαλία του υαλώδους σώματος ,Τ25Μγ,2770
311,87956752664,39243562439,147,ΜΕΘ,2025-03-30,2025-04-02,T81.0,"Αιμορραγία και αιμάτωμα που επιπλέκουν ιατρική επέμβαση, που δεν ταξινομούνται αλλού",Κ46Μ,3000
312,33044110184,37233268274,183,Ουρολογικό,2025-07-04,2025-07-05,Q84.3,Ανωνυχία,Τ26Μγ,1897
313,44060356137,85282038277,217,Δερματολογικό,2025-06-19,2025-06-23,Q56.0,"Ερμαφροδιτισμός, που δεν ταξινομείται αλλού",Τ23Α,1777
314,24472724997,20140926142,231,Μικροβιολογικό,2025-11-07,2025-11-11,P12.2,Eπικρανιακή υποαπονευρωματική αιμορραγία που οφείλεται σε τραυματισμό κατά τον τοκετό,Τ24Α,1776
315,99832744737,32379434579,212,Δερματολογικό,2026-01-14,2026-01-17,Q45.1,Δακτυλοειδές πάγκρεας,Τ22Α,3747
316,23752690099,92698522280,250,Ψυχιατρικό,2026-02-05,2026-02-07,G26,Περιγραφή μη διαθέσιμη,Ν27Χ,1669
317,94804778024,89981892222,169,Ορθοπεδικό,2025-05-02,2025-05-06,S99.7,Πολλαπλοί τραυματισμοί του αστράγαλου και του άκρου πόδα,Μ75Μ,4308
318,93826706493,65063112418,222,Ακτινολογικό,2026-03-10,2026-03-19,I45,Άλλες διαταραχές της αγωγιμότητας,Κ17Μ,3188
319,47997346659,40850595762,195,Γυναικολογικό,2026-03-01,2026-03-11,M65.2,Ασβεστοποιητική τενοντίτιδα,Μ71Μ,5256
320,93964239543,18193427864,111,Χειρουργικό,2025-10-21,2025-10-23,S36.2,Τραυματισμός του παγκρέατος,Μ73Μ,1944
321,14642682175,99795619901,172,Νευρολογικό,2025-10-03,2025-10-15,Q21.2,Έλλειμμα του κολποκοιλιακού διαφράγματος,Κ38Χ,5080
322,81706746451,18193427864,112,Χειρουργικό,2025-04-02,2025-04-14,P96.0,Συγγενής νεφρική ανεπάρκεια,Τ24Α,2804
323,82222304170,92698522280,248,Ψυχιατρικό,2025-03-21,2025-04-02,I50.0,Συμφορητική καρδιακή ανεπάρκεια,Κ42Χ,4804
324,81960982018,98451520706,235,Μικροβιολογικό,2025-04-19,2025-04-27,C84.5,Άλλα και μη καθορισμένα Τ-κυτταρικά  λεμφώματα ,Σ21Μ,5100
325,77560259223,60170274590,121,Παθολογικό,2025-05-26,2025-06-06,Α31,Περιγραφή μη διαθέσιμη,Ρ24Μα,4945
326,99138936275,35134846364,174,Νευρολογικό,2025-12-24,2025-12-31,Q61.8,Άλλες κυστικές νόσοι του νεφρού,Τ20Μ,5020
327,47997346659,31551628292,105,Καρδιολογικό,2025-06-05,2025-06-07,I05.3,Περιγραφή μη διαθέσιμη,Κ39Μ,1100
328,49287744748,32379434579,213,Δερματολογικό,2025-08-30,2025-09-11,I35.9,"Διαταραχή της αορτικής βαλβίδας, μη καθορισμένη",Κ42Μ,5029
329,90583591589,77117947422,249,Ψυχιατρικό,2025-12-05,2025-12-10,P13,Τραυματισμός του σκελετού κατά τον τοκετό,Τ23Α,2080
330,88777792801,15517900330,181,Ουρολογικό,2025-10-24,2025-11-01,I50.1,Ανεπάρκεια της αριστερής κοιλίας,Κ38Μ,4453
331,33380044151,51927673524,132,Παιδιατρικό,2025-02-18,2025-03-03,M87.0,Ιδιοπαθής άσηπτη νέκρωση των οστών,Μ25Χ,5707
332,68916270219,40889689402,175,Νευρολογικό,2025-01-01,2025-01-15,S32.5,Κάταγμα του ηβικού οστού,Μ77Χ,8270
333,79193941824,57199282441,225,Ακτινολογικό,2025-03-22,2025-04-01,P51,Αιμορραγία από τον ομφάλιο λώρο του νεογνού,Τ23Α,3595
334,45302599227,40850595762,195,Γυναικολογικό,2025-10-22,2025-10-29,Q71,Ελλειμματικές ανωμαλίες του άνω άκρου ,Τ27Μγ,1628
335,30655380478,31551628292,102,Καρδιολογικό,2026-02-06,2026-02-18,I21.4 ,Περιγραφή μη διαθέσιμη,Κ36Χ,4390
336,32602560891,18193427864,118,Χειρουργικό,2025-03-08,2025-03-20,M12.2,Λαχνοοζώδης ορογονοθυλακίτιδα (μελαγχρωματική),Μ69Μ,5735
337,16716715515,57199282441,224,Ακτινολογικό,2025-03-30,2025-04-09,P91.8,Άλλες καθορισμένες εγκεφαλικές διαταραχές του νεογνού,Τ23Α,3595
338,56466512485,73253025603,247,Ψυχιατρικό,2025-11-06,2025-11-17,P13.3,Τραυματισμός άλλων μακρών οστών κατά τον τοκετό,Τ23Α,3898
339,19822423053,53262763012,147,ΜΕΘ,2026-01-14,2026-01-17,Q66.2,Ραιβό μετατάρσιο,Τ24Α,1776
340,87966363544,92698522280,243,Ψυχιατρικό,2026-03-20,2026-03-29,N06,Μεμονωμένη πρωτεϊνουρία με καθορισμένη μορφολογική βλάβη,Υ25Χ,3456
341,58338345625,18193427864,118,Χειρουργικό,2025-11-01,2025-11-08,D22.1,"Μελανοκυτταρικοί σπίλοι του βλεφάρου, συμπεριλαμβανομένου του κανθού",Δ28Χ,3973
342,96383287869,51927673524,133,Παιδιατρικό,2025-05-18,2025-05-21,M84.8,Άλλες διαταραχές της οστικής συνέχειας,Μ25Μ,1051
343,13666164809,31976884284,206,Οφθαλμολογικό,2025-10-11,2025-10-20,M76.0,Τενοντίτιδα γλουτιαίων ,Μ27Μ,3254
344,29179888281,47960718664,139,Παιδιατρικό,2026-03-27,2026-04-10,S33.5,Διάστρεμμα της οσφυϊκής μοίρας της σπονδυλικής στήλης,Μ77Χ,8270
345,36584847761,90134508778,166,Ορθοπεδικό,2026-02-17,2026-02-18,C49.9,"Συνδετικού ιστού και μαλακών ιστών, μη καθορισμένο",Σ24Α,3785
346,52610866930,31551628292,101,Καρδιολογικό,2025-08-14,2025-08-22,P56,Εμβρυϊκός ύδρωπας που οφείλεται σε αιμολυτική νόσο ,Τ27Μα,6321
347,16784882349,33860842912,230,Ακτινολογικό,2025-10-02,2025-10-12,F23,Οξείες και παροδικές ψυχωσικές διαταραχές,Ν24Χ,2741
348,13296820689,35134846364,173,Νευρολογικό,2025-04-26,2025-05-06,Q33.5,Έκτοπος ιστός στον πνεύμονα,Τ20Μ,5698
349,80313238304,94374664371,231,Μικροβιολογικό,2026-01-01,2026-01-04,T44.2,"Γαγγλιοπληγικά φάρμακα, που δεν ταξινομούνται αλλού",Κ46Χ,2516
350,26646644484,33575450249,221,Ακτινολογικό,2025-05-25,2025-05-27,I21.3,Οξύ διατοιχωματικό έμφραγμα του μυοκαρδίου μη καθορισμένης εντόπισης,Κ10Μ,3608
351,76677046089,41069533517,246,Ψυχιατρικό,2025-11-13,2025-11-25,M62.4,Μυϊκή σύσπαση,Μ71Χ,1846
352,86564797930,51734845697,129,Παθολογικό,2025-05-24,2025-05-29,M12.8,"Άλλες καθορισμένες αρθρίτιδες, που δεν ταξινομούνται αλλού",Μ12Μα,4536
353,79838249029,85282038277,220,Δερματολογικό,2025-10-05,2025-10-13,S32.3,Κάταγμα του λαγόνιου οστού,Μ23Α,4375
354,46104273577,46055220563,231,Μικροβιολογικό,2025-09-16,2025-09-29,P35,Συγγενή ιογενή νοσήματα,Τ22Α,5037
355,51010386800,98901183989,145,ΜΕΘ,2025-10-04,2025-10-12,R57.0,Καρδιογενής καταπληξία [shock],Κ46Χ,4336
356,68916270219,18193427864,113,Χειρουργικό,2025-05-16,2025-05-28,M23.1,Δισκοειδής μηνίσκος (συγγενής),Μ24Α,2938
357,23726466207,90134508778,162,Ορθοπεδικό,2025-08-15,2025-08-18,P29.9,"Καρδιαγγειακή διαταραχή που προέρχεται από την περιγεννητική περίοδο, μη ",Τ21Α,4255
358,39430819071,35895166626,193,Γυναικολογικό,2025-01-28,2025-02-09,H40.1,Πρωτοπαθές γλαύκωμα ανοικτής γωνίας,Ο15Α,5857
359,76273240493,48486875122,193,Γυναικολογικό,2026-01-18,2026-01-19,P61.6,Άλλες παροδικές διαταραχές της πήξης στο νεογνό,Τ24Α,1776
360,42410127541,94613426776,206,Οφθαλμολογικό,2025-09-01,2025-09-05,S95.0,Τραυματισμός της ραχιαίας αρτηρίας του άκρου πόδα,Μ01Μ,3688
361,46762883228,73253025603,242,Ψυχιατρικό,2025-02-23,2025-03-01,I52.0*,Άλλες καρδιακές διαταραχές σε βακτηριακά νοσήματα που ταξινομούνται αλλού,Κ18Χ,5277
362,87956752664,52288372388,138,Παιδιατρικό,2025-03-22,2025-04-01,P28,Άλλες αναπνευστικές καταστάσεις που προέρχονται από την περιγεννητική περίοδο,Τ23Α,3595
363,68916270219,33860842912,221,Ακτινολογικό,2025-04-25,2025-05-05,I34 ,Περιγραφή μη διαθέσιμη,Κ41Μ,2920
364,47734553672,32379434579,212,Δερματολογικό,2026-01-14,2026-01-16,P23.4,Συγγενής πνευμονία που οφείλεται σε Escherichia coli,Τ24Α,1776
365,75973661145,20287442157,197,Γυναικολογικό,2025-11-05,2025-11-17,T82.1,Μηχανική επιπλοκή καρδιακής ηλεκτρονικής συσκευής,Τ02Α,2591
366,97540413322,84320135602,108,Καρδιολογικό,2025-12-26,2025-12-28,P82,Περιγραφή μη διαθέσιμη,Τ22Α,3618
367,42410127541,15517900330,189,Ουρολογικό,2025-05-26,2025-06-02,K40.3,"Ετερόπλευρη ή μη καθορισμένη βουβωνοκήλη, με απόφραξη, χωρίς γάγγραινα",Π45Μ,5796
368,83278214895,32379434579,211,Δερματολογικό,2025-09-11,2025-09-15,C34,Κακόηθες νεόπλασμα βρόγχου και πνεύμονα,Α12Α,3405
369,49287744748,67697807470,155,Επειγόντων Περιστατικών,2026-02-20,2026-03-04,P37.2,Νεογνική (γενικευμένη) λιστερίωση,Τ25Μβ,4833
370,79695643575,33575450249,225,Ακτινολογικό,2025-10-26,2025-11-02,Q80.3,Πομφολυγώδης συγγενής ιχθυασόμορφη ερυθροδερμία,Τ25Μβ,3718
371,32981302546,27946441835,195,Γυναικολογικό,2025-05-20,2025-05-26,M08.4,Ολιγοαρθρική νεανική αρθρίτιδα,Μ32Μα,3319
372,32981302546,92698522280,250,Ψυχιατρικό,2026-02-09,2026-02-19,S12.1,Κάταγμα του δεύτερου αυχενικού σπονδύλου,Μ09Μ,2863
373,28604483021,98451520706,239,Μικροβιολογικό,2025-09-20,2025-10-04,C02.4,Γλωσσικής αμυγδαλής,Σ02Μ,3693
374,29450522876,19276620746,210,Οφθαλμολογικό,2025-11-16,2025-11-23,Q43.5,Έκτοπος πρωκτός,Τ20Μ,5020
375,99138936275,89981892222,162,Ορθοπεδικό,2025-04-29,2025-05-03,I09.3,Περιγραφή μη διαθέσιμη,Κ42Χ,4036
376,13666164809,35134846364,174,Νευρολογικό,2026-03-22,2026-03-27,C50.6,Μασχαλιαίας ουράς του μαστού,Σ23Α,2441
377,64696919163,36702445480,131,Παιδιατρικό,2025-11-09,2025-11-23,M88.0,Νόσος Paget του κρανίου,Μ79Χ,4845
378,51010386800,84320135602,103,Καρδιολογικό,2025-11-23,2025-12-04,I35.5,Περιγραφή μη διαθέσιμη,Κ39Μ,2936
379,37624612283,60170274590,123,Παθολογικό,2025-01-09,2025-01-16,Q24.6,Συγγενής καρδιακός αποκλεισμός,Τ20Μ,5020
380,13361231045,52288372388,137,Παιδιατρικό,2025-08-11,2025-08-23,M01.2*,Αρθρίτιδα στη νόσο του Lyme (A69.2+ ),Μ67Χ,4316
381,68916270219,94374664371,239,Μικροβιολογικό,2025-01-03,2025-01-14,Q33.4,Συγγενής βρογχεκτασία,Τ20Μ,5924
382,94804778024,22561283452,190,Ουρολογικό,2025-03-21,2025-04-02,S91.7,Πολλαπλά ανοικτά τραύματα του αστράγαλου και του άκρου πόδα,Μ01Μ,5158
383,23752690099,18193427864,120,Χειρουργικό,2025-10-24,2025-11-02,G71,Πρωτοπαθείς διαταραχές των μυών,Κ12Μ,3184
384,69237465396,77117947422,242,Ψυχιατρικό,2025-12-12,2025-12-20,Q05.8,Δισχιδής ράχη της ιερής χώρας χωρίς υδροκέφαλο,Τ05Α,3835
385,66041820343,95448079151,180,Νευρολογικό,2026-02-04,2026-02-05,M08.9,"Νεανική αρθρίτιδα, μη καθορισμένη",Μ69Μ,4903
386,60675545554,89981892222,167,Ορθοπεδικό,2025-09-06,2025-09-07,Q43.2,Άλλες συγγενείς λειτουργικές διαταραχές του κόλου,Τ20Μ,3890
387,64401533943,85282038277,217,Δερματολογικό,2025-05-06,2025-05-14,D20,Καλόηθες νεόπλασμα των μαλακών ιστών του οπισθοπεριτόναιου και του περιτόναιου,Δ10Α,1751
388,47007408557,22561283452,188,Ουρολογικό,2025-01-16,2025-01-17,S83.2,"Ρήξη μηνίσκου, πρόσφατη",Μ73Μ,1944
389,16963648622,15517900330,181,Ουρολογικό,2025-07-21,2025-08-01,M87.1,Οστεονέκρωση που οφείλεται σε φάρμακα,Μ03Μ,5407
390,92131335755,80036372124,164,Ορθοπεδικό,2026-02-21,2026-02-28,M90.0,Περιγραφή μη διαθέσιμη,Μ79Χ,3298
391,94455644293,33575450249,230,Ακτινολογικό,2025-12-05,2025-12-09,C57.3,Παραμητρίου,Γ12Μ,2003
392,56140410465,77117947422,241,Ψυχιατρικό,2025-12-29,2026-01-09,Q73.1,"Φωκομελία, μη καθορισμένου(ων) άκρου(ων)",Τ23Α,3898
393,86564797930,90656248238,174,Νευρολογικό,2025-03-11,2025-03-13,Q64,Άλλες συγγενείς ανωμαλίες του ουροποιητικού συστήματος,Τ23Α,1474
394,90583591589,95448079151,171,Νευρολογικό,2025-07-19,2025-07-28,Q22.6,Σύνδρομο υποπλαστικής δεξιάς καρδίας,Τ21Α,4591
395,60675545554,99795619901,179,Νευρολογικό,2025-10-22,2025-10-29,T31.5,Θερμικά εγκαύματα που καταλαμβάνουν 50 - 59% της επιφάνειας σώματος,Ζ02Χ,5573
396,16716715515,13706183648,221,Ακτινολογικό,2025-02-24,2025-03-09,P12.0,Κεφαλαιμάτωμα που οφείλεται σε τραυματισμό κατά τον τοκετό,Τ23Α,4504
397,79193941824,82857924186,187,Ουρολογικό,2025-10-18,2025-10-26,Y64.0,"Μολυσμένη ιατρική ή βιολογική ουσία, που μεταγγίζεται ή εγχέεται",Κ01Μ,3966
398,56140410465,53434182353,179,Νευρολογικό,2025-11-24,2025-12-01,Q27.1,Συγγενής στένωση της νεφρικής αρτηρίας,Τ23Α,2686
399,52334260261,94613426776,204,Οφθαλμολογικό,2025-05-06,2025-05-07,B44.0,Διηθητική πνευμονική ασπεργίλλωση,Α12Χ,2131
400,31753001276,22561283452,189,Ουρολογικό,2025-10-02,2025-10-14,P83.3,Άλλο και μη καθορισμένο οίδημα ειδικό για το έμβρυο και το νεογνό,Τ23Α,4201
401,32981302546,30689575097,207,Οφθαλμολογικό,2025-09-29,2025-10-11,I36.1,Μη ρευματική ανεπάρκεια τριγλώχινας (βαλβίδας),Κ46Μ,4467
402,93904760474,60552999461,156,Επειγόντων Περιστατικών,2025-10-21,2025-10-25,M62.8,Άλλες καθορισμένες διαταραχές μυός,Μ71Μ,4316
403,64696919163,73253025603,248,Ψυχιατρικό,2025-09-21,2025-09-23,S95.8,Τραυματισμός άλλων αιμοφόρων αγγείων στο επίπεδο του αστράγαλου και του άκρου πόδα,Μ73Μ,1944
404,90583591589,40850595762,197,Γυναικολογικό,2025-08-21,2025-09-04,M81.3,Οστεοπόρωση από μετεγχειρητική δυσαπορρόφηση,Μ76Χ,3298
405,80029940384,13706183648,229,Ακτινολογικό,2025-09-21,2025-10-05,M07.4*,Αρθρίτιδα στη νόσο του Crohn [τοπική εντερίτιδα] (K50.-+ ),Μ66Χ,6491
406,60892712796,62496380045,189,Ουρολογικό,2025-09-27,2025-10-05,I52.1*,Άλλες καρδιακές διαταραχές σε άλλα λοιμώδη και παρασιτικά νοσήματα που ταξινομούνται αλλού,Κ43Μ,2280
407,78871328875,33860842912,228,Ακτινολογικό,2025-09-27,2025-10-10,C19,Κακόηθες νεόπλασμα της ορθοσιγμοειδικής συμβολής,Π40Χ,5783
408,64377086337,35134846364,177,Νευρολογικό,2025-03-14,2025-03-17,Q24.3,Πνευμονική χοανοειδής στένωση,Τ21Α,4255
409,36024341293,36702445480,136,Παιδιατρικό,2025-12-13,2025-12-22,I34.1,Πρόπτωση μιτροειδούς βαλβίδας,Ε06Μ,2879
410,39430819071,15517900330,189,Ουρολογικό,2025-03-17,2025-03-20,M61.5,Άλλη οστεοποίηση μυός ,Μ27Χ,2715
411,56140410465,39243562439,143,ΜΕΘ,2025-02-11,2025-02-25,P72.0,Νεογνική βρογχοκήλη που δεν ταξινομείται αλλού,Τ21Α,5151
412,20821766978,60334753081,163,Ορθοπεδικό,2025-09-02,2025-09-05,M06,Άλλη ρευματοειδής αρθρίτιδα,Μ66Μ,1233
413,83278214895,80036372124,162,Ορθοπεδικό,2025-06-11,2025-06-22,Q60.1,"Νεφρική αγενεσία, αμφοτερόπλευρος",Τ21Α,4815
414,52610866930,18193427864,120,Χειρουργικό,2025-12-08,2025-12-11,Q20.9,"Συγγενής ανωμαλία των καρδιακών κοιλοτήτων και των μεταξύ τους συνδέσεων, μη καθορισμένη",Τ22Α,3747
415,36584847761,53727815147,188,Ουρολογικό,2025-09-04,2025-09-18,Q17.0,Επικουρικό πτερύγιο ωτός,Τ20Χ,3926
416,15914109671,51734845697,126,Παθολογικό,2026-03-04,2026-03-17,Q99.1,"46,ΧΧ αληθής ερμαφροδιτισμός",Τ27Μγ,3794
417,70667592099,84320135602,101,Καρδιολογικό,2025-02-21,2025-02-27,K29.2,Αλκοολική γαστρίτιδα,Π50Μ,3564
418,37712184811,73253025603,248,Ψυχιατρικό,2026-02-03,2026-02-13,Q38.7,Φαρυγγικά εκκολπώματα,Τ20Χ,3186
419,60513785856,62066779638,164,Ορθοπεδικό,2025-11-02,2025-11-09,N99.3,Πρόπτωση του θόλου του κόλπου μετά από υστερεκτομία,Γ09Α,1970
420,24297420672,60334753081,165,Ορθοπεδικό,2025-10-28,2025-11-11,M07.5*,Αρθρίτιδα στην ελκώδη κολίτιδα (K51.-+ ),Μ32Μα,6087
421,90877920694,32379434579,214,Δερματολογικό,2026-02-06,2026-02-08,Q26.2,Ολική ανώμαλη πνευμονική φλεβική επικοινωνία,Κ38Χ,3732
422,58145615428,77117947422,242,Ψυχιατρικό,2025-11-13,2025-11-15,M87.8,Άλλη οστεονέκρωση,Μ03Μ,3919
423,30637169297,78832401220,231,Μικροβιολογικό,2025-07-10,2025-07-22,J96.1,Χρόνια αναπνευστική ανεπάρκεια,Α25Χ,2928
424,87966363544,38538288127,155,Επειγόντων Περιστατικών,2025-02-23,2025-03-01,J33,Ρινικοί πολύποδες,Ω06Α,1897
425,58338345625,67758463500,137,Παιδιατρικό,2026-01-26,2026-01-28,Z08,Περιοδική εξέταση παρακολούθησης [follow-up] μετά τη θεραπεία για κακοήθη νεοπλάσματα,Α31Χ,3888
426,82646811210,98901183989,147,ΜΕΘ,2025-05-01,2025-05-02,P83.8,Άλλες καθορισμένες καταστάσεις των καλυπτήριων ιστών ειδικές για το έμβρυο και το νεογνό,Τ20Μ,3890
427,32602560891,98451520706,236,Μικροβιολογικό,2025-11-19,2025-11-21,C79.5,Δευτεροπαθές κακόηθες νεόπλασμα των οστών και του μυελού των οστών,Δ29Μ,1878
428,64377086337,18193427864,112,Χειρουργικό,2025-09-01,2025-09-10,M00,Πυώδης αρθρίτιδα,Μ01Χ,5707
429,83278214895,18193427864,112,Χειρουργικό,2025-08-04,2025-08-08,M15,Εκφυλιστική πολυαρθρίτιδα,Μ03Χ,1110
430,31753001276,62066779638,163,Ορθοπεδικό,2025-10-08,2025-10-11,P36.8,Άλλη βακτηριακή σηψαιμία του νεογνού ,Τ20Χ,2816
431,33211322359,60334753081,163,Ορθοπεδικό,2025-08-04,2025-08-11,Q42.9,"Συγγενής έλλειψη, ατρησία και στένωση του παχέος εντέρου, μη καθορισμένου τμήματος",Τ01Α,3439
432,96383287869,96575194408,104,Καρδιολογικό,2025-03-15,2025-03-18,M60,Μυοσίτιδα,Μ71Χ,838
433,44060356137,35134846364,174,Νευρολογικό,2026-01-18,2026-01-19,Q77.1,Θνησιγενές κοντό ανάστημα,Τ23Α,1474
434,78572522733,53262763012,149,ΜΕΘ,2025-04-05,2025-04-18,S14.0,Διάσειση και οίδημα της αυχενικής μοίρας του νωτιαίου μυελού,Μ09Μ,3238
435,56186517766,19276620746,206,Οφθαλμολογικό,2025-01-06,2025-01-13,I06.5,Περιγραφή μη διαθέσιμη,Κ42Μ,3119
436,15177314527,40850595762,197,Γυναικολογικό,2025-01-05,2025-01-19,P13.1,Άλλοι τραυματισμοί του κρανίου κατά τον τοκετό ,Τ21Α,5151
437,86564797930,21389790404,231,Μικροβιολογικό,2025-06-19,2025-06-23,I33,Οξεία και υποξεία ενδοκαρδίτιδα,Κ01Μ,3288
438,60142664132,57199282441,224,Ακτινολογικό,2025-03-02,2025-03-15,I34.7,Περιγραφή μη διαθέσιμη,Κ39Χ,3570
439,75973661145,56784597458,160,Επειγόντων Περιστατικών,2025-11-25,2025-11-27,P81.0,Περιβαλλοντική υπερθερμία του νεογνού,Τ23Α,1474
440,36472981413,80036372124,168,Ορθοπεδικό,2025-08-19,2025-08-23,M23.5,Χρόνια αστάθεια του γόνατος,Μ32Μα,2627
441,17326715196,62743168874,161,Ορθοπεδικό,2025-12-19,2025-12-31,S52.5,Κάταγμα του κάτω άκρου της κερκίδας,Μ23Α,5743
442,47734553672,53262763012,142,ΜΕΘ,2025-05-25,2025-06-06,S91.2,Ανοικτό τραύμα του(ων) δακτύλου(ων) του άκρου πόδα με βλάβη στο νύχι,Μ23Α,5743
443,37997771362,56650467990,153,Επειγόντων Περιστατικών,2025-09-21,2025-10-02,Q04.3,Άλλες ελλειμματικές δυσπλασίες του εγκεφάλου,Τ26Μβ,5915
444,74229039891,37233268274,183,Ουρολογικό,2026-01-25,2026-02-04,P36.9,"Βακτηριακή σηψαιμία του νεογνού, μη καθορισμένη",Τ23Α,3595
445,52610866930,98870684482,128,Παθολογικό,2025-03-06,2025-03-09,Q05.1,Θωρακική δισχιδής ράχη με υδροκέφαλο,Τ04Α,2528
446,55469341762,13706183648,226,Ακτινολογικό,2025-08-10,2025-08-17,T13.8,"Άλλοι καθορισμένοι τραυματισμοί του κάτω άκρου, επίπεδο μη καθορισμένο ",Μ02Χ,4494
447,73050978275,73253025603,248,Ψυχιατρικό,2025-01-23,2025-01-28,O45.8,Άλλη πρόωρη αποκόλληση του πλακούντα,Λ26Α,3637
448,54288371049,77117947422,249,Ψυχιατρικό,2025-12-31,2026-01-05,S66.4,Τραυματισμός των ελμινθοειδών  μυών και τενόντων του αντίχειρα στο επίπεδο του καρπού και της άκρας χείρας,Μ23Α,3691
449,97562086883,13706183648,229,Ακτινολογικό,2025-08-06,2025-08-17,Q18.5,Μικροστομία,Τ23Α,3898
450,90124206333,37233268274,184,Ουρολογικό,2025-09-16,2025-09-25,Q11,"Ανοφθαλμία, μικροφθαλμία και μακροφθαλμία",Τ26Μβ,5277
451,69918743476,74997800957,210,Οφθαλμολογικό,2026-02-14,2026-02-22,I41.2* ,Περιγραφή μη διαθέσιμη,Κ44Α,4336
452,97114574026,22561283452,185,Ουρολογικό,2025-11-23,2025-12-03,Q21.0,Έλλειμμα στο μεσοκοιλιακό διάφραγμα [μεσοκοιλιακό έλλειμμα],Τ23Α,3595
453,34375838574,83923788555,146,ΜΕΘ,2025-04-11,2025-04-20,M12.3,Παλίνδρομος ρευματισμός,Μ12Μα,4742
454,37624612283,18193427864,115,Χειρουργικό,2025-07-13,2025-07-27,Q14.8,Άλλες συγγενείς ανωμαλίες του οπίσθιου τμήματος του οφθαλμού,Τ22Α,5166
455,64401533943,35895166626,196,Γυναικολογικό,2025-10-15,2025-10-18,M01.8*,Αρθρίτιδα σε άλλα λοιμώδη και παρασιτικά  νοσήματα που ταξινομούνται αλλού,Μ32Μβ,4106
456,58338345625,67697807470,157,Επειγόντων Περιστατικών,2026-02-10,2026-02-15,Q91,Σύνδρομο Edwards και σύνδρομο Patau,Τ23Α,2080
457,29770533417,35895166626,197,Γυναικολογικό,2026-03-18,2026-04-01,P36.1,Σηψαιμία του νεογνού που οφείλεται σε άλλους και μη καθορισμένους στρεπτόκοκκους,Τ23Α,4807
458,15778787753,46055220563,236,Μικροβιολογικό,2025-10-16,2025-10-27,O23,Λοιμώξεις της ουρογεννητικής οδού στην κύηση,Λ26Α,5083
459,55469341762,85282038277,212,Δερματολογικό,2025-10-13,2025-10-27,M06.4,Φλεγμονώδης πολυαρθρίτιδα ,Μ69Μ,5943
460,64696919163,45979296668,232,Μικροβιολογικό,2025-09-14,2025-09-27,Q16.5,Συγγενής ανωμαλία του έσω ωτός,Τ20Μ,6376
461,74239645514,36702445480,140,Παιδιατρικό,2025-02-06,2025-02-16,Q07.9,"Συγγενής ανωμαλία του νευρικού συστήματος, μη καθορισμένη",Τ24Α,2290
462,23752690099,96575194408,103,Καρδιολογικό,2025-12-22,2026-01-03,N82.3,Συρίγγιο του κόλπου προς το παχύ έντερο,Γ21Α,6899
463,32981302546,40889689402,176,Νευρολογικό,2025-11-14,2025-11-18,Q07.0,Σύνδρομο Arnold-Chiari,Τ24Α,1776
464,70873138282,20287442157,199,Γυναικολογικό,2025-04-18,2025-04-28,Q61.3,"Πολυκυστικός νεφρός, μη καθορισμένος",Τ20Χ,3186
465,58145615428,46055220563,236,Μικροβιολογικό,2025-06-07,2025-06-18,Q04,Άλλες συγγενείς ανωμαλίες του εγκεφάλου,Τ20Χ,3371
466,40107859093,98901183989,142,ΜΕΘ,2025-08-19,2025-08-29,I22,Επακόλουθο έμφραγμα του μυοκαρδίου,Κ10Μ,5738
467,33211322359,92698522280,247,Ψυχιατρικό,2025-01-05,2025-01-17,P54.6,Κολπική αιμορραγία στο νεογνό,Τ24Α,2804
468,66756898100,46055220563,231,Μικροβιολογικό,2025-03-06,2025-03-16,C77.4,Βουβωνικών και λεμφαδένων του κάτω άκρου,Σ23Α,3641
469,21354669087,18716063973,129,Παθολογικό,2025-02-12,2025-02-17,Q97,"Άλλες ανωμαλίες των φυλετικών χρωμοσωμάτων, με θήλυ φαινότυπο, που δεν ταξινομούνται αλλού",Τ26Μγ,2350
470,82222304170,51734845697,129,Παθολογικό,2025-07-13,2025-07-21,Q62.2,Συγγενής μεγαουρητήρας,Τ20Μ,5246
471,44060356137,95448079151,177,Νευρολογικό,2025-11-05,2025-11-10,G35,Πολλαπλή σκλήρυνση,Ν28Μ,1739
472,46104273577,98901183989,145,ΜΕΘ,2025-12-16,2025-12-22,I51.8,Άλλες ασαφώς οριζόμενες καρδιοπάθειες,Κ38Χ,3732
473,80029940384,33860842912,221,Ακτινολογικό,2025-07-05,2025-07-06,Q04.9,"Συγγενής ανωμαλία του εγκεφάλου, μη καθορισμένη",Τ23Α,1474
474,15679628443,35895166626,192,Γυναικολογικό,2025-06-12,2025-06-21,I43*,Mυοκαρδιοπάθεια σε νοσήματα που ταξινομούνται αλλού,Κ18Χ,5754
475,51010386800,18193427864,114,Χειρουργικό,2025-02-01,2025-02-03,M08.1,Νεανική αγκυλοποιητική σπονδυλίτιδα,Μ32Μβ,4106
476,33857231431,62743168874,166,Ορθοπεδικό,2025-07-21,2025-07-26,S61.1,Ανοικτό τραύμα του(ων) δακτύλου(ων) με βλάβη του όνυχα,Μ73Μ,1944
477,82152244235,51927673524,136,Παιδιατρικό,2025-08-21,2025-08-26,I22.9,Επακόλουθο έμφραγμα του μυοκαρδίου μη καθορισμένης εντόπισης,Κ45Μα,3221
478,46812026582,77117947422,250,Ψυχιατρικό,2025-10-04,2025-10-09,Q74.8,Άλλες καθορισμένες συγγενείς ανωμαλίες του(ων) άκρου(ων),Μ04Μ,958
479,10675006956,92698522280,247,Ψυχιατρικό,2025-07-18,2025-07-23,P54.0,Νεογνική αιματέμεση,Τ24Α,1776
480,13444119814,85282038277,215,Δερματολογικό,2025-06-18,2025-06-22,Q33.0,Συγγενής κυστικός πνεύμονας,Τ25Μβ,3049
481,66041820343,62066779638,166,Ορθοπεδικό,2026-03-11,2026-03-20,M07.4*,Αρθρίτιδα στη νόσο του Crohn [τοπική εντερίτιδα] (K50.-+ ),Μ01Μ,4423
482,37712184811,85282038277,211,Δερματολογικό,2026-03-03,2026-03-15,J93.9,"Πνευμοθώρακας, μη καθορισμένος",Α10Χ,4103
483,52575000527,41069533517,247,Ψυχιατρικό,2025-12-09,2025-12-19,O98.3,"Άλλες λοιμώξεις που μεταδίδονται κυρίως με τη σεξουαλική οδό και επιπλέκουν την κύηση, τον τοκετό και τη λοχεία",Λ26Α,4842
484,73757238292,18716063973,128,Παθολογικό,2025-05-13,2025-05-18,N76.3,Υποξεία και χρόνια φλεγμονή του αιδοίου,Γ21Α,4561
485,13666164809,90134508778,168,Ορθοπεδικό,2025-09-12,2025-09-22,I97,"Μετεπεμβατικές διαταραχές του κυκλοφορικού συστήματος, που δεν ταξινομούνται αλλού",Κ46Μ,4141
486,97540413322,22585413484,171,Νευρολογικό,2025-01-04,2025-01-18,I07.7,Περιγραφή μη διαθέσιμη,Κ30Χ,5402
487,75973661145,45979296668,232,Μικροβιολογικό,2025-06-26,2025-07-04,S92.7,Πολλαπλά κατάγματα του άκρου πόδα,Μ75Μ,4308
488,99832744737,60552999461,156,Επειγόντων Περιστατικών,2025-10-29,2025-11-08,F44.5,Σπασμοί αποσυνδετικού τύπου,Ν36Μ,2743
489,26646644484,62743168874,161,Ορθοπεδικό,2026-03-20,2026-03-26,Q20.1,Διπλή έξοδος [διπλοέξοδος] δεξιάς κοιλίας,Τ23Α,2383
490,94455644293,75339133780,196,Γυναικολογικό,2025-08-31,2025-09-11,Q76.2,Συγγενής σπονδυλολίσθηση,Τ27Μγ,3072
491,12633175052,98901183989,145,ΜΕΘ,2025-04-21,2025-05-02,S96,Τραυματισμός μυός και τένοντα στο επίπεδο του αστράγαλου και του άκρου πόδα,Μ02Μ,5477
492,96763184814,22561283452,184,Ουρολογικό,2025-02-19,2025-03-03,N97.4,Γυναικεία υπογονιμότητα που σχετίζεται με ανδρικούς παράγοντες,Γ07Α,3148
493,41260611685,32379434579,211,Δερματολογικό,2025-07-17,2025-07-19,P61.0,Παροδική θρομβοπενία του νεογνού,Τ23Α,1474
494,80997555070,99795619901,171,Νευρολογικό,2025-07-15,2025-07-25,S75.0,Τραυματισμός της μηριαίας αρτηρίας,Μ61Χ,5984
495,80313238304,52288372388,138,Παιδιατρικό,2026-03-19,2026-03-29,I51.4,"Μυοκαρδίτιδα, μη καθορισμένη",Κ42Χ,4548
496,13444119814,56784597458,160,Επειγόντων Περιστατικών,2025-10-09,2025-10-11,P83.1,Τοξικό ερύθημα του νεογνού,Τ25Μγ,2415
497,15177314527,84320135602,108,Καρδιολογικό,2025-04-03,2025-04-08,Q24.8,Άλλες καθορισμένες συγγενείς ανωμαλίες της καρδιάς,Τ24Α,1776
498,69470469937,92698522280,245,Ψυχιατρικό,2025-08-29,2025-09-05,C56,Κακόηθες νεόπλασμα της ωοθήκης,Γ20Μ,1216
499,36024341293,98901183989,145,ΜΕΘ,2025-01-15,2025-01-16,H26.1,Τραυματικός καταρράκτης,Ο16Α,3658
500,94455644293,35895166626,191,Γυναικολογικό,2025-10-08,2025-10-10,M36,Περιγραφή μη διαθέσιμη,Σ23Α,2441
