hosp_id,patient_amka,medical_care,nursing_care,cleanliness,food,overall_experience
1,79193941824,2,3,2,5,3
2,60675545554,1,3,5,2,2
3,15778787753,5,3,1,5,1
4,60710128556,5,1,1,3,1
5,56140410465,1,4,1,1,3
6,13361231045,2,2,4,4,1
7,24472724997,2,2,4,4,5
8,79193941824,3,2,2,2,2
9,94763453856,1,1,2,2,4
10,37712184811,4,1,3,1,5
11,87956752664,4,3,3,4,4
12,20821766978,3,2,2,5,2
13,16784882349,5,2,4,3,5
14,12492568041,3,5,4,2,3
15,76677046089,3,2,1,1,2
16,46056241622,2,1,2,1,3
17,29869861533,2,3,2,3,4
18,60892712796,5,2,1,1,3
19,69470469937,3,4,1,2,3
20,69470469937,1,4,1,2,4
21,46104273577,1,2,1,4,3
22,42410127541,1,4,3,1,4
23,79193941824,5,4,3,3,4
24,81706746451,3,3,2,1,5
25,37997771362,2,2,1,5,2
26,52575000527,5,2,3,3,2
27,77560259223,3,4,4,1,4
28,54288371049,2,4,3,1,2
29,11774503770,1,3,3,5,4
30,29572535212,4,1,3,2,2
31,88554513243,2,1,1,2,4
32,16784882349,5,2,5,5,2
33,67087810691,5,3,5,3,2
34,82069926186,5,1,4,2,1
35,46812026582,5,3,1,5,3
36,94574013001,5,3,1,5,5
37,51010386800,2,4,2,3,4
38,94804778024,3,5,1,5,4
39,73355304328,2,2,3,4,1
40,92131335755,1,5,4,3,1
41,30276014150,5,3,5,4,1
42,74229039891,2,3,4,4,3
43,52610866930,3,1,4,4,2
44,79838249029,5,4,4,4,1
45,79695643575,5,1,4,3,1
46,29770533417,5,1,2,3,4
47,37624612283,3,2,1,1,3
48,93826706493,4,5,1,5,1
49,67243789496,5,2,2,1,2
50,17326715196,1,2,3,1,3
51,15914109671,3,4,3,2,2
52,80313238304,3,3,4,3,2
53,51746273679,3,4,2,4,2
54,12633175052,2,3,3,5,1
55,24964725321,5,4,2,3,1
56,29450522876,2,3,4,1,1
57,79695643575,3,3,1,2,2
58,13578442492,5,5,3,1,3
59,13912513577,1,5,3,5,4
60,16963648622,3,5,1,1,5
61,79193941824,1,2,1,5,3
62,94574013001,4,4,5,3,5
63,93826706493,2,5,1,1,4
64,84047176955,4,2,3,1,3
65,42145824142,5,5,3,2,4
66,57869321901,4,2,1,2,3
67,36356584813,1,4,4,5,2
68,64914681191,3,1,5,3,1
69,60675545554,5,1,4,4,4
70,26646644484,4,5,1,1,4
71,96763184814,4,3,1,1,3
72,96383287869,3,3,1,2,3
73,73342830116,1,5,1,2,4
74,45302599227,1,1,2,4,5
75,29869861533,1,4,2,3,2
76,15778787753,4,3,3,3,5
77,13578442492,2,5,5,2,3
78,33169238506,5,4,3,1,4
79,83923601134,3,2,3,3,1
80,64914681191,4,4,2,2,3
81,88777792801,5,1,1,1,3
82,28604483021,2,1,3,3,2
83,32602560891,1,5,5,3,2
84,86564797930,3,1,1,2,2
85,12492568041,3,1,5,4,5
86,99832744737,3,4,2,1,5
87,13361231045,3,5,5,2,2
88,39912331805,3,4,4,2,5
89,58338345625,4,2,1,1,2
90,73757238292,2,3,4,1,2
91,47997346659,4,4,2,2,4
92,74239645514,1,4,5,5,4
93,16716715515,5,3,3,3,5
94,24964725321,4,2,3,2,3
95,33044110184,2,1,3,2,5
96,29572535212,5,4,5,4,1
97,20821766978,3,4,3,3,4
98,70772805029,2,3,3,4,3
99,61249169584,3,4,5,5,3
100,96383287869,4,2,1,3,3
101,17326715196,1,5,1,3,1
102,58145615428,4,1,3,4,5
103,94574013001,5,1,5,3,2
104,64401533943,4,2,2,5,4
105,99138936275,5,5,2,1,1
106,80029940384,5,2,1,5,4
107,98081585082,1,2,5,1,4
108,18352921227,1,1,1,2,5
109,58145615428,1,4,3,1,1
110,29572535212,1,2,3,1,2
111,67243789496,1,1,4,4,3
112,74239645514,5,5,3,5,1
113,15914109671,2,1,3,1,2
114,15177314527,5,2,4,5,1
115,13912513577,1,3,5,3,1
116,76273240493,1,4,2,4,2
117,86118625589,2,5,5,3,2
118,16963648622,4,4,4,4,2
119,13444119814,5,1,1,4,2
120,21354669087,5,5,1,3,4
121,21354669087,5,1,4,1,4
122,23752690099,3,2,1,3,1
123,73050978275,4,2,3,3,3
124,77458145750,2,5,5,1,5
125,90877920694,4,4,5,2,2
126,42145824142,3,4,3,1,2
127,23206152564,3,1,4,5,5
128,12492568041,5,3,4,4,1
129,80207593880,3,3,3,4,1
130,90907450300,2,3,2,4,2
131,52334260261,3,1,5,5,3
132,33211322359,2,4,5,2,5
133,39430819071,2,2,1,5,3
134,60892712796,1,3,2,3,4
135,15679628443,2,4,5,4,5
136,69237465396,2,5,1,4,1
137,46762883228,2,3,5,2,4
138,29770533417,3,4,3,1,3
139,33380044151,3,5,1,2,1
140,97562086883,1,4,2,5,4
141,75406843147,4,5,2,3,2
142,86118625589,5,5,4,5,3
143,45302599227,1,4,3,1,1
144,67243789496,3,1,4,4,5
145,60142664132,2,2,1,2,2
146,79838249029,2,4,3,5,1
147,79838249029,2,5,2,2,3
148,16784882349,3,1,4,4,3
149,54686989143,5,3,2,4,3
150,36584847761,4,5,2,4,4
151,70772805029,2,4,5,3,1
152,60197902331,3,3,1,1,1
153,80207593880,5,2,4,2,1
154,54288371049,2,3,5,1,1
155,93964239543,2,3,5,5,2
156,82646811210,4,4,5,2,1
157,96763184814,5,1,4,4,2
158,93904760474,1,4,1,1,4
159,77458145750,5,4,1,1,2
160,51010386800,5,3,2,2,3
161,84686489688,3,1,3,4,5
162,94455644293,3,4,1,1,3
163,33169238506,2,4,2,3,4
164,82069926186,4,3,5,1,2
165,29572535212,1,5,3,4,3
166,40009025265,4,2,5,3,3
167,54288371049,3,2,5,4,1
168,74749378297,5,1,3,5,4
169,23585968077,5,5,3,1,3
170,60710128556,4,4,5,5,3
171,54686989143,3,1,2,2,1
172,46056241622,5,4,5,2,4
173,88777792801,3,5,1,1,5
174,90907450300,3,3,2,5,2
175,46499927205,2,3,5,3,1
176,41260611685,5,5,2,3,1
177,98081585082,1,5,2,2,4
178,54686989143,5,1,3,5,2
179,51010386800,4,5,2,3,1
180,47007408557,1,5,4,2,2
181,97114574026,3,1,4,2,3
182,88968226918,2,5,5,1,3
183,90907450300,3,4,4,2,5
184,36472981413,1,2,5,4,1
185,15778787753,2,4,5,4,5
186,33044110184,3,3,3,5,1
187,33211322359,5,5,4,3,1
188,97562086883,1,3,2,3,3
189,33044110184,1,3,3,4,3
190,84686489688,5,1,4,2,3
191,99832744737,4,1,1,4,2
192,33169238506,5,1,4,3,1
193,36024341293,1,2,5,5,3
194,33380044151,3,5,4,4,5
195,15914109671,4,2,5,4,1
196,80997555070,1,1,5,2,2
197,56837290051,3,4,2,1,5
198,23752690099,5,2,2,1,1
199,26646644484,5,3,5,5,3
200,81960982018,5,1,2,2,2
201,80997555070,3,4,4,2,5
202,70521038594,3,2,4,1,4
203,51746273679,2,4,4,3,2
204,69918743476,5,2,1,1,3
205,12633175052,4,2,1,5,1
206,29450522876,2,5,5,5,4
207,46812026582,4,3,1,1,5
208,97540413322,1,5,4,4,2
209,94574013001,1,5,3,5,4
210,93826706493,1,4,4,2,5
211,52334260261,4,5,1,5,4
212,24472724997,2,3,2,3,3
213,93826706493,1,3,3,3,1
214,60675545554,5,3,2,2,2
215,94574013001,4,3,5,5,5
216,93826706493,3,4,4,5,4
217,29869861533,2,5,3,5,2
218,60675545554,2,4,1,2,3
219,38935118118,3,2,3,5,5
220,67243789496,1,1,5,3,5
221,82152244235,5,3,4,2,4
222,60197902331,3,4,4,1,3
223,17326715196,5,5,1,4,4
224,57714356848,4,4,3,3,4
225,69237465396,2,3,5,1,1
226,82222304170,1,5,2,3,5
227,52575000527,3,1,1,1,2
228,37624612283,4,1,5,4,3
229,57869321901,2,4,3,4,4
230,18074378002,2,1,3,1,4
231,56140410465,5,1,4,4,4
232,79193941824,1,2,3,4,4
233,94763453856,3,2,5,1,1
234,94763453856,4,2,1,5,1
235,77560259223,2,2,1,4,4
236,91048487331,2,3,4,4,5
237,30655380478,1,3,3,3,1
238,82069926186,2,2,3,4,1
239,73757238292,3,5,2,4,1
240,46104273577,3,4,3,4,1
241,81706746451,1,2,5,5,4
242,86564797930,5,2,1,1,3
243,30655380478,3,3,4,5,1
244,46812026582,1,5,1,3,5
245,68519847881,5,5,4,2,2
246,40083827631,1,5,4,5,4
247,82222304170,4,5,1,3,3
248,13444119814,1,4,2,4,5
249,19822423053,2,4,3,2,4
250,13578442492,3,3,2,3,4
251,51746273679,1,5,5,1,4
252,83278214895,5,1,1,3,3
253,99832744737,2,4,4,3,2
254,90583591589,3,5,3,5,2
255,79193941824,5,1,3,3,3
256,94804778024,2,4,1,5,2
257,80029940384,5,3,5,1,1
258,80029940384,3,3,2,1,2
259,32181508606,5,2,4,1,1
260,88777792801,5,4,5,2,3
261,54288371049,5,2,5,4,5
262,37997771362,4,5,4,3,1
263,60142664132,2,3,4,1,2
264,51010386800,3,5,1,5,2
265,68916270219,4,2,5,1,4
266,15914109671,1,4,3,3,2
267,79838249029,2,1,2,1,5
268,90973275997,2,3,5,3,2
269,99064254588,2,3,2,3,2
270,67243789496,5,3,4,1,1
271,29869861533,3,3,1,4,1
272,58145615428,3,3,2,2,4
273,33263898781,5,1,4,3,4
274,70772805029,2,5,4,3,2
275,24297420672,5,4,4,1,4
276,60142664132,4,2,5,4,1
277,90907450300,2,1,2,2,1
278,98085604477,4,4,5,3,2
279,16784882349,3,3,2,1,4
280,98085604477,1,1,1,2,3
281,83923601134,1,4,5,2,3
282,60710128556,3,5,3,5,2
283,93904760474,5,3,1,4,1
284,46104273577,3,5,1,2,1
285,36356584813,5,2,1,5,5
286,13578442492,5,2,5,4,5
287,39430819071,1,1,3,3,5
288,70521038594,3,3,3,5,5
289,26646644484,4,2,5,3,1
290,99138936275,2,5,1,3,1
291,93904760474,3,2,1,4,4
292,90907450300,5,5,2,1,5
293,69237465396,1,4,3,3,3
294,79193941824,3,5,4,3,2
295,64696919163,5,4,5,5,1
296,15778787753,3,5,2,5,5
297,78572522733,5,2,5,3,1
298,67243789496,4,4,5,2,4
299,46762883228,1,5,5,5,4
300,46104273577,1,2,3,5,4
301,90877920694,1,3,1,2,4
302,31753001276,5,5,5,1,1
303,11744318225,5,5,2,1,1
304,15778787753,1,2,5,1,4
305,75406843147,2,2,1,5,2
306,90877920694,2,1,3,1,4
307,29450522876,4,3,3,2,5
308,99138936275,1,1,3,5,2
309,90124206333,5,5,1,1,1
310,23206152564,3,2,5,5,4
311,87956752664,5,5,4,2,2
312,33044110184,4,5,1,4,2
313,44060356137,1,3,2,1,4
314,24472724997,3,5,5,5,4
315,99832744737,4,5,5,2,3
316,23752690099,1,5,4,2,2
317,94804778024,5,5,3,2,5
318,93826706493,1,2,1,5,4
319,47997346659,3,3,3,3,5
320,93964239543,3,5,2,5,5
321,14642682175,2,5,2,5,5
322,81706746451,2,3,4,5,3
323,82222304170,1,5,1,2,2
324,81960982018,5,2,2,3,2
325,77560259223,3,1,1,3,2
326,99138936275,3,2,3,3,2
327,47997346659,1,5,4,3,4
328,49287744748,4,2,4,1,3
329,90583591589,5,5,1,5,5
330,88777792801,4,4,4,1,5
331,33380044151,4,3,2,4,3
332,68916270219,1,4,5,5,4
333,79193941824,4,1,5,3,2
334,45302599227,1,2,3,5,3
335,30655380478,3,3,5,2,2
336,32602560891,4,4,3,5,2
337,16716715515,1,4,3,1,5
338,56466512485,4,1,1,4,4
339,19822423053,5,2,4,4,2
340,87966363544,1,5,1,4,2
341,58338345625,4,4,3,3,3
342,96383287869,1,3,5,5,2
343,13666164809,2,1,2,1,2
344,29179888281,3,2,5,4,4
345,36584847761,4,4,3,1,5
346,52610866930,5,5,3,3,4
347,16784882349,4,4,5,5,5
348,13296820689,5,3,2,1,1
349,80313238304,1,5,2,5,2
350,26646644484,3,3,1,2,4
351,76677046089,2,5,2,3,1
352,86564797930,1,3,1,1,1
353,79838249029,1,3,3,4,3
354,46104273577,5,4,5,2,4
355,51010386800,2,4,5,4,1
356,68916270219,1,3,5,1,2
357,23726466207,2,1,5,5,1
358,39430819071,4,1,3,3,4
359,76273240493,5,5,1,3,1
360,42410127541,5,2,4,4,1
361,46762883228,4,1,3,1,3
362,87956752664,1,3,5,1,5
363,68916270219,5,5,4,5,2
364,47734553672,5,4,4,2,4
365,75973661145,3,3,3,1,3
366,97540413322,4,3,3,3,5
367,42410127541,3,4,3,2,3
368,83278214895,1,2,1,1,1
369,49287744748,5,4,3,1,5
370,79695643575,4,1,4,2,4
371,32981302546,3,4,5,4,1
372,32981302546,4,4,4,1,4
373,28604483021,4,2,1,5,4
374,29450522876,1,1,1,3,1
375,99138936275,4,5,1,1,3
376,13666164809,1,2,5,2,1
377,64696919163,1,5,5,4,3
378,51010386800,5,4,1,1,5
379,37624612283,4,2,3,3,4
380,13361231045,1,4,4,4,3
381,68916270219,2,4,1,1,3
382,94804778024,4,4,2,5,5
383,23752690099,5,2,3,1,5
384,69237465396,1,4,5,5,3
385,66041820343,4,2,3,3,1
386,60675545554,2,2,2,1,1
387,64401533943,3,1,1,5,3
388,47007408557,2,4,4,5,2
389,16963648622,3,2,3,3,3
390,92131335755,3,1,3,5,5
391,94455644293,2,4,4,3,5
392,56140410465,3,4,4,2,2
393,86564797930,4,3,1,2,2
394,90583591589,5,2,3,1,1
395,60675545554,1,3,2,2,5
396,16716715515,5,4,5,2,5
397,79193941824,3,5,1,1,1
398,56140410465,4,4,3,5,5
399,52334260261,4,5,4,2,2
400,31753001276,4,2,3,3,1
401,32981302546,2,4,4,3,2
402,93904760474,1,5,3,2,1
403,64696919163,2,5,2,5,2
404,90583591589,3,3,3,1,4
405,80029940384,4,2,1,5,2
406,60892712796,5,2,1,2,3
407,78871328875,4,3,5,4,3
408,64377086337,5,4,4,4,5
409,36024341293,2,5,3,3,1
410,39430819071,1,2,1,2,3
411,56140410465,5,1,4,1,2
412,20821766978,1,3,2,3,5
413,83278214895,3,4,1,2,2
414,52610866930,3,2,2,2,2
415,36584847761,4,5,5,3,3
416,15914109671,5,1,4,4,3
417,70667592099,5,1,3,4,5
418,37712184811,3,5,1,5,2
419,60513785856,5,2,4,1,3
420,24297420672,4,1,5,2,3
421,90877920694,2,5,2,1,2
422,58145615428,2,2,1,4,1
423,30637169297,3,2,1,4,4
424,87966363544,2,5,3,3,4
425,58338345625,1,4,2,2,1
426,82646811210,1,3,3,4,3
427,32602560891,4,1,4,2,5
428,64377086337,1,4,2,1,1
429,83278214895,3,3,5,3,2
430,31753001276,4,2,3,2,3
431,33211322359,2,3,4,1,1
432,96383287869,5,2,4,1,4
433,44060356137,4,2,1,2,4
434,78572522733,3,5,2,1,4
435,56186517766,1,5,4,2,5
436,15177314527,5,1,2,5,5
437,86564797930,2,4,1,3,1
438,60142664132,5,2,5,1,3
439,75973661145,1,2,1,3,1
440,36472981413,1,3,4,2,3
441,17326715196,1,4,3,1,3
442,47734553672,4,1,5,2,4
443,37997771362,1,4,3,1,5
444,74229039891,5,1,2,1,5
445,52610866930,2,5,4,1,4
446,55469341762,4,1,3,2,3
447,73050978275,4,4,5,4,2
448,54288371049,5,3,5,4,3
449,97562086883,5,4,2,2,4
450,90124206333,5,5,4,3,3
451,69918743476,2,5,5,5,3
452,97114574026,1,1,3,2,3
453,34375838574,3,3,4,2,4
454,37624612283,1,1,5,5,2
455,64401533943,3,1,1,3,3
456,58338345625,2,3,4,5,1
457,29770533417,5,5,3,3,5
458,15778787753,5,3,1,4,2
459,55469341762,5,3,3,4,1
460,64696919163,1,2,5,4,3
461,74239645514,3,5,2,4,5
462,23752690099,2,5,2,4,3
463,32981302546,5,2,1,1,2
464,70873138282,2,4,5,3,1
465,58145615428,5,1,2,2,4
466,40107859093,4,3,3,3,3
467,33211322359,4,2,4,5,5
468,66756898100,3,5,1,3,3
469,21354669087,5,1,5,2,2
470,82222304170,4,5,1,5,1
471,44060356137,2,2,1,5,3
472,46104273577,5,4,2,4,2
473,80029940384,2,5,4,1,1
474,15679628443,1,4,5,4,2
475,51010386800,4,2,4,4,2
476,33857231431,5,5,3,4,5
477,82152244235,1,2,2,5,5
478,46812026582,5,1,4,4,3
479,10675006956,5,2,2,4,2
480,13444119814,3,2,3,5,5
481,66041820343,1,2,2,1,3
482,37712184811,5,5,4,2,3
483,52575000527,2,4,2,1,2
484,73757238292,2,3,2,4,1
485,13666164809,2,2,5,2,4
486,97540413322,2,1,3,3,1
487,75973661145,2,4,2,1,2
488,99832744737,1,1,1,2,2
489,26646644484,1,4,5,4,4
490,94455644293,1,2,4,3,3
491,12633175052,3,3,1,4,5
492,96763184814,4,5,1,2,1
493,41260611685,1,3,5,1,3
494,80997555070,2,5,4,4,5
495,80313238304,3,5,3,2,4
496,13444119814,2,4,4,3,4
497,15177314527,4,5,2,5,2
498,69470469937,1,2,4,5,2
499,36024341293,4,4,1,3,2
500,94455644293,2,1,4,5,4
