patient_id,name,phone,realationship
54686989143,Ax Girardy,6996209703,Mother
30276014150,Christophe Cussins,6913217759,Father
66041820343,Jerrie Patterfield,6983188210,Spouse
13912513577,Ruggiero Koppelmann,6920212606,Brother
18352921227,Laurie Greedyer,6924599405,Sister
11744318225,Pearce Cluse,6995684704,Daughter
87966363544,Harwilll Kirwin,6941868068,Son
57869321901,Rafe Hansman,6922663650,Uncle
29179888281,Bartholomeo Lubbock,6919827049,Aunt
20821766978,Berkie Storrs,6912835639,Cousin
99064254588,Myles Westmorland,6927758561,Mother
88777792801,Wilhelm Cominotti,6957264056,Father
23726466207,Lovell Mahon,6921968972,Spouse
47734553672,Mead Tipple,6961427124,Brother
83923601134,Johnnie Houdmont,6955535816,Sister
95162779500,Tyson Yokel,6957478185,Daughter
44060356137,Rafi Ledes,6986554627,Son
33263898781,Nye Gookey,6996756445,Uncle
18074378002,Filbert Hantusch,6942998667,Aunt
73757238292,Roarke Fosdike,6940496517,Cousin
94804778024,Erick Whacket,6924939451,Mother
14642682175,Parsifal Harston,6931531658,Father
58338345625,Cyrill Hollyar,6960841291,Spouse
46499927205,Trumaine Ephson,6973671793,Brother
29572535212,Sly Polack,6936204201,Sister
58303625460,Decca Ryce,6973285062,Daughter
13361231045,Roarke Huddles,6930726094,Son
93904760474,Luca Presidey,6990291991,Uncle
52334260261,Erwin Gameson,6938138907,Aunt
16963648622,Brandtr Gerleit,6934545909,Cousin
92131335755,Ogden Weigh,6978799923,Mother
37624612283,Allen Rosentholer,6976261564,Father
74229039891,Ber Millmore,6990303802,Spouse
77458145750,Kaiser Pontain,6961441642,Brother
23206152564,Payton Harryman,6939052150,Sister
56837290051,Prescott Castagna,6960923319,Daughter
24297420672,Boyd Gallemore,6958534196,Son
13666164809,Chadd Ingree,6956640178,Uncle
93826706493,Niels Steanson,6913861410,Aunt
90907450300,Shalom Pitney,6989008276,Cousin
42145824142,Chester Cumbers,6943853447,Mother
79695643575,Rinaldo Perigeaux,6962550946,Father
32981302546,Colby Rowat,6938968475,Spouse
75973661145,Jermain Haysman,6977628935,Brother
79902457715,Redford Challin,6978319597,Sister
90583591589,Harwell Lavell,6917474998,Daughter
84686489688,Kermie Fludder,6918571554,Son
64401533943,Launce Hakonsen,6956783889,Uncle
33169238506,Elvyn Le Maitre,6911340448,Aunt
52575000527,Sauncho Esel,6997361076,Cousin
75406843147,Tucky Spofforth,6974092711,Mother
60142664132,Sylvester Kemmett,6953048968,Father
24472724997,Raviv Ghiotto,6968895647,Spouse
60197902331,Clement Hawyes,6984316304,Brother
30637169297,Jonathan Myrkus,6970754862,Sister
90877920694,Keene McAdam,6931640050,Daughter
13578442492,Lay Georgelin,6987040245,Son
88968226918,Jeffry Zollner,6953319287,Uncle
83278214895,Bennie Plenderleith,6997656192,Aunt
15914109671,Rhys Barkshire,6943906001,Cousin
33211322359,Gaven Baroch,6940336857,Mother
39912331805,Sascha Lengthorn,6976141083,Father
73050978275,Westbrook Blune,6984151898,Spouse
23752690099,Marcos Trigg,6910523682,Brother
88554513243,Shaw Pender,6938169003,Sister
80207593880,Corty Pietesch,6968525898,Daughter
97114574026,Benji Henighan,6961274797,Son
94574013001,Gardie Barsam,6911711118,Uncle
79838249029,Angie Guilloton,6998690226,Aunt
56140410465,Malcolm Farebrother,6999240993,Cousin
21354669087,Bruis Packington,6989534857,Mother
84047176955,Alric Ludl,6950896263,Father
74749378297,Werner Kirtland,6924280160,Spouse
90973275997,Sasha Taylder,6964513295,Brother
12492568041,Deck Peartree,6944645005,Sister
74239645514,Niven Knipe,6969996450,Daughter
94774676260,Ferris Deverell,6946955448,Son
46812026582,Granger Janacek,6941954105,Uncle
40083827631,Cameron Fogg,6920776037,Aunt
41260611685,Bjorn Bangle,6989602457,Cousin
57714356848,Hiram Farrimond,6923839173,Mother
29770533417,Neel Redding,6910731476,Father
70667592099,Andris Agnolo,6948372668,Spouse
54288371049,Lance Scartifield,6976013263,Brother
66756898100,Briggs Antognoni,6945248982,Sister
26303357137,Dominique Drummond,6995853703,Daughter
41960363426,Vaughan Lynskey,6933341240,Son
69918743476,Mick Hanhart,6972087803,Uncle
68519847881,Bradford Dunnet,6926005619,Aunt
30655380478,Ernst Degli Abbati,6968163949,Cousin
93964239543,Rriocard MacAvaddy,6937827926,Mother
60710128556,Moses Britcher,6999301446,Father
67087810691,Monro Gonzalo,6965061193,Spouse
70521038594,Woodman Kytley,6983278808,Brother
15177314527,Conan Geraldo,6924574687,Sister
99138936275,Parnell Carlozzi,6933767737,Daughter
80029940384,Niko Frays,6987715484,Son
31753001276,Roldan Seson,6945079430,Uncle
97562086883,Daven Giggs,6963023386,Aunt
17326715196,Miguel Fasson,6973662371,Cousin
89153247356,Ermanno Langridge,6960977969,Mother
80997555070,Ruggiero Coweuppe,6997308827,Father
59984212329,Duncan Breinlein,6968160227,Spouse
87956752664,Dolf Deaville,6986872095,Brother
36024341293,Clifford Champkin,6926502640,Sister
86071834076,Alexio Cull,6960214680,Daughter
47997346659,Tremaine Westmerland,6918823584,Son
56466512485,Erin Humm,6942662350,Uncle
16784882349,Alain Tilney,6987363840,Aunt
16716715515,Isidore Forsaith,6917244033,Cousin
51010386800,Ingmar Yakhin,6969115509,Mother
64377086337,Saxe Tivolier,6944174033,Father
29450522876,Elia Moen,6956411256,Spouse
82222304170,Carly Foddy,6967021320,Brother
98085604477,Dylan Pashler,6983762285,Sister
82646811210,Taddeo Sanderson,6944043505,Daughter
15778787753,Haven Eliet,6986086341,Son
49287744748,Rad Blumson,6989134911,Uncle
69470469937,Aubrey Reggler,6945449917,Aunt
80313238304,Rockie Godsafe,6963102134,Cousin
91048487331,Nicolai Nazer,6947379753,Mother
32181508606,Rogers Dahlgren,6959861787,Father
73355304328,Mac De Bruijn,6938576936,Spouse
86118625589,Rolfe Arundel,6975953106,Brother
79193941824,Rik Blaisdell,6923058793,Sister
51746273679,Stern Gerb,6964951997,Daughter
12633175052,Robb Scanlin,6960381940,Son
15679628443,Mario Sibly,6922680607,Uncle
37712184811,Hillary Pavlata,6999581435,Aunt
71563728074,Trevar Bauduccio,6953624104,Cousin
90124206333,Basilio Roistone,6919075281,Mother
33857231431,Georg Mapston,6999908444,Father
52610866930,Cedric Clother,6981754939,Spouse
33380044151,Elwood Ruslinge,6990460284,Brother
74706381680,Hadlee Payze,6952746603,Sister
76677046089,Elvis Mirfield,6973164113,Daughter
92003088193,Christian Le Sieur,6925810935,Son
96763184814,Ulysses Sutterby,6934687210,Uncle
78871328875,Wain Kleine,6976125855,Aunt
56186517766,Ambrosius Greenstead,6930870317,Cousin
36472981413,Gregoor Raspin,6915566348,Mother
78572522733,Sammy Ferrettino,6991198403,Father
24964725321,Armand Ackwood,6930113255,Spouse
34468214623,Whitaker Erangy,6941714014,Brother
60675545554,Rodrick Joanaud,6911332085,Sister
13296820689,Karel Tompsett,6973549636,Daughter
68916270219,Brook Boschmann,6948148152,Son
99832744737,Shell Ebsworth,6952139773,Uncle
96383287869,Hugo Maseyk,6950258237,Aunt
11774503770,Nikita Marcinkus,6932388238,Cousin
36356584813,Rockie Reinger,6931791973,Mother
32602560891,Way Hiddsley,6932476784,Father
40009025265,Lorin Letford,6922976093,Spouse
60892712796,Barney Truckell,6967374241,Brother
19822423053,Lucais Guilayn,6994311845,Sister
55469341762,Howey O'Keeffe,6936883334,Daughter
73342830116,Kelwin Massingham,6974591140,Son
38935118118,Maximilian Isgar,6911917042,Uncle
69237465396,Tybalt Rooksby,6953201996,Aunt
47007408557,Mylo Franke,6972852015,Cousin
97540413322,Augustus Helstrom,6974247519,Mother
77560259223,Ralf Mateescu,6981921960,Father
94455644293,Lonny Blakeslee,6938305423,Spouse
82152244235,Anton Chadburn,6929207866,Brother
34375838574,Augie McCrachen,6973501050,Sister
82069926186,Chadd Looney,6934050562,Daughter
64914681191,Hastie De Cleen,6962909780,Son
10675006956,Rudolfo Ruddlesden,6986093676,Uncle
45302599227,Terrence Widdison,6938902232,Aunt
86564797930,Moore Goodacre,6910392230,Cousin
29869861533,Luca McRae,6938814850,Mother
28604483021,Lezley Hopkyns,6920446646,Father
23585968077,Chase Leeke,6973864685,Spouse
64696919163,Ewen Kondrachenko,6972438723,Brother
46762883228,Rene Absolon,6988699477,Sister
61249169584,Nichole Fills,6968418901,Daughter
70772805029,Ernesto Harriagn,6948407843,Son
39430819071,Hadrian McMenamie,6949006538,Uncle
82882041506,Sam Bigmore,6977176081,Aunt
81960982018,Lockwood Brokenshaw,6988895337,Cousin
46056241622,Gerrie Gary,6925799045,Mother
76273240493,Caddric Bernardy,6989034304,Father
42410127541,Sid Semple,6951198078,Spouse
13444119814,Terrill MacGarvey,6976103384,Brother
70873138282,Hasheem Wrightham,6978483023,Sister
33044110184,Theodore Bover,6941546153,Daughter
98081585082,Roy Marcq,6936061215,Son
67243789496,Robbie Kempster,6916174364,Uncle
58145615428,Freeman Keppin,6932950565,Aunt
67407829976,Valle Bartosik,6922325055,Cousin
91542731389,Brnaba Deniske,6929093636,Mother
60513785856,Stanford Rodge,6957218443,Father
36584847761,Dukey Gossop,6971694384,Spouse
81706746451,Noland Mar,6935337411,Brother
37997771362,Desmond Bruckman,6991850314,Sister
26646644484,Freeman Willcot,6946518383,Daughter
94763453856,Antonin Pedri,6993743338,Son
46104273577,Roarke Shah,6937364325,Uncle
45834447187,Tore Bahlmann,6987609796,Aunt
40107859093,Noe Martyn,6921690267,Cousin
