AMKA,First_Name,Last_Name,Father_Name,Age,Gender,Weight,Height,Address,Phone,Email,Job,Citizenship,Next_of_Kin_Name,Next_of_Kin_Phone,Insurance
54686989143,Ελένη,Διαμαντής,Γιώργος,100,Female,18,100,721 Kim Pass,6987876262,agirardy0@tamu.edu,Assistant Media Planner,Norway,Ax Girardy,6996209703,Ιδιωτική Ασφάλεια
30276014150,Βασιλική,Παπαδάκη,Δημήτρης,50,Female,48,132,8 Helena Park,6921991171,ccussins1@sakura.ne.jp,Associate Professor,Portugal,Christophe Cussins,6913217759,Ιδιωτική Ασφάλεια
66041820343,Χρήστος,Παπαδόπουλος,Βασίλης,36,Male,94,143,047 Crowley Drive,6915844981,jpatterfield2@wikimedia.org,Biostatistician I,Indonesia,Jerrie Patterfield,6983188210,Ιδιωτική Ασφάλεια
13912513577,Ελένη,Παππάς,Νίκος,55,Female,99,184,51549 Glacier Hill Drive,6948561432,rkoppelmann3@fda.gov,Account Coordinator,Nigeria,Ruggiero Koppelmann,6920212606,Ιδιωτική Ασφάλεια
18352921227,Βασιλική,Καραγιάννη,Βασίλης,30,Female,106,193,86002 Stuart Crossing,6966964694,lgreedyer4@hibu.com,Staff Scientist,Finland,Laurie Greedyer,6924599405,Ανασφάλιστος
11744318225,Βασιλική,Νικολάου,Χρήστος,46,Female,64,196,32 Southridge Junction,6921171918,pcluse5@npr.org,Nurse,Indonesia,Pearce Cluse,6995684704,Ιδιωτική Ασφάλεια
87966363544,Παναγιώτης,Παππάς,Μιχάλης,1,Male,48,174,30 Swallow Plaza,6954538059,hkirwin6@histats.com,Budget/Accounting Analyst I,Poland,Harwilll Kirwin,6941868068,Ανασφάλιστος
57869321901,Ελένη,Μακρής,Κώστας,11,Female,29,194,41 La Follette Drive,6968417184,rhansman7@gizmodo.com,Help Desk Technician,Indonesia,Rafe Hansman,6922663650,Ανασφάλιστος
29179888281,Μιχάλης,Λάσκαρης,Βασίλης,88,Male,50,111,34 Cascade Road,6934661357,blubbock8@posterous.com,Assistant Professor,China,Bartholomeo Lubbock,6919827049,Ανασφάλιστος
20821766978,Χρήστος,Γεωργίου,Μιχάλης,76,Male,128,128,45673 Nobel Street,6917070342,bstorrs9@answers.com,Clinical Specialist,Russia,Berkie Storrs,6912835639,Ιδιωτική Ασφάλεια
99064254588,Παναγιώτης,Δημητρίου,Βασίλης,40,Male,76,130,03274 Graedel Place,6937499656,mwestmorlanda@shareasale.com,Product Engineer,France,Myles Westmorland,6927758561,Ανασφάλιστος
88777792801,Σοφία,Καραγιάννη,Θανάσης,41,Female,113,202,9813 Bellgrove Alley,6959921996,wcominottib@hibu.com,Occupational Therapist,Portugal,Wilhelm Cominotti,6957264056,ΕΦΚΑ
23726466207,Δημήτρης,Λάσκαρης,Γιώργος,77,Male,94,61,776 South Avenue,6952781252,lmahonc@admin.ch,Community Outreach Specialist,China,Lovell Mahon,6921968972,ΕΦΚΑ
47734553672,Δημήτρης,Κωστόπουλος,Δημήτρης,66,Male,125,146,3 Packers Street,6998630321,mtippled@upenn.edu,Geologist III,United States,Mead Tipple,6961427124,Ανασφάλιστος
83923601134,Αγγελική,Καραγιάννη,Νίκος,36,Female,13,134,297 Straubel Center,6931432657,jhoudmonte@shutterfly.com,Health Coach III,Indonesia,Johnnie Houdmont,6955535816,ΕΦΚΑ
95162779500,Γιάννης,Αγγελόπουλος,Δημήτρης,91,Male,105,169,0 Sundown Way,6935452438,tyokelf@phpbb.com,Electrical Engineer,Philippines,Tyson Yokel,6957478185,Ανασφάλιστος
44060356137,Ελένη,Μακρής,Δημήτρης,94,Female,9,121,4 Spaight Road,6978675718,rledesg@goodreads.com,Research Associate,Indonesia,Rafi Ledes,6986554627,ΕΦΚΑ
33263898781,Γιώργος,Καραγιάννης,Μιχάλης,50,Male,28,132,94 Dwight Point,6921455370,ngookeyh@vkontakte.ru,VP Product Management,Brazil,Nye Gookey,6996756445,Ιδιωτική Ασφάλεια
18074378002,Κώστας,Παπαδόπουλος,Παναγιώτης,19,Male,24,82,826 Farragut Circle,6979993753,fhantuschi@seattletimes.com,Environmental Specialist,Turkmenistan,Filbert Hantusch,6942998667,ΕΦΚΑ
73757238292,Νίκος,Νικολάου,Νίκος,84,Male,14,189,260 Redwing Pass,6949510180,rfosdikej@unc.edu,Compensation Analyst,Russia,Roarke Fosdike,6940496517,Ιδιωτική Ασφάλεια
94804778024,Γιώργος,Παπαδόπουλος,Γιώργος,44,Male,80,191,294 Redwing Alley,6977898490,ewhacketk@ustream.tv,Business Systems Development Analyst,Portugal,Erick Whacket,6924939451,Ιδιωτική Ασφάλεια
14642682175,Θανάσης,Παππάς,Παναγιώτης,25,Male,132,164,8 Dawn Avenue,6915039232,pharstonl@godaddy.com,Engineer III,Brazil,Parsifal Harston,6931531658,Ιδιωτική Ασφάλεια
58338345625,Κώστας,Βασιλείου,Μιχάλης,24,Male,36,152,83883 Blue Bill Park Way,6981819199,chollyarm@flavors.me,Analog Circuit Design manager,Philippines,Cyrill Hollyar,6960841291,Ανασφάλιστος
46499927205,Αγγελική,Κωστόπουλου,Μιχάλης,6,Female,32,143,03304 Maple Hill,6997697942,tephsonn@si.edu,Registered Nurse,France,Trumaine Ephson,6973671793,Ιδιωτική Ασφάλεια
29572535212,Σοφία,Παπαδάκη,Θανάσης,66,Female,135,169,9731 Havey Lane,6922607593,spolacko@hatena.ne.jp,Developer IV,Canada,Sly Polack,6936204201,ΕΦΚΑ
58303625460,Δημήτρης,Δημητρίου,Κώστας,81,Male,123,182,77 Magdeline Court,6984566903,drycep@fc2.com,Actuary,China,Decca Ryce,6973285062,Ανασφάλιστος
13361231045,Αγγελική,Βασιλείου,Γιώργος,8,Female,18,115,46516 Dexter Center,6956748271,rhuddlesq@europa.eu,Internal Auditor,Sweden,Roarke Huddles,6930726094,ΕΦΚΑ
93904760474,Γιάννης,Νικολάου,Βασίλης,67,Male,73,193,9 Elka Center,6914053190,lpresideyr@pen.io,Quality Control Specialist,France,Luca Presidey,6990291991,Ανασφάλιστος
52334260261,Χρήστος,Παππάς,Θανάσης,95,Male,3,85,22791 Center Park,6945405202,egamesons@techcrunch.com,VP Marketing,Russia,Erwin Gameson,6938138907,Ιδιωτική Ασφάλεια
16963648622,Μαρία,Διαμαντής,Δημήτρης,47,Female,94,107,360 Holy Cross Street,6936666936,bgerleitt@clickbank.net,Research Nurse,Sri Lanka,Brandtr Gerleit,6934545909,ΕΦΚΑ
92131335755,Ελένη,Σταματόπουλου,Θανάσης,78,Female,26,53,9 Autumn Leaf Parkway,6996876977,oweighu@ihg.com,Web Developer III,Indonesia,Ogden Weigh,6978799923,Ανασφάλιστος
37624612283,Μιχάλης,Λάσκαρης,Γιώργος,79,Male,133,201,477 Magdeline Circle,6949743745,arosentholerv@yellowpages.com,Business Systems Development Analyst,Indonesia,Allen Rosentholer,6976261564,ΕΦΚΑ
74229039891,Κώστας,Παπαδόπουλος,Γιώργος,6,Male,4,132,9 Pearson Crossing,6929116437,bmillmorew@ning.com,Pharmacist,China,Ber Millmore,6990303802,Ανασφάλιστος
77458145750,Χρήστος,Ιωάννου,Δημήτρης,77,Male,129,92,80 Bultman Point,6929722035,kpontainx@ted.com,Teacher,Slovenia,Kaiser Pontain,6961441642,ΕΦΚΑ
23206152564,Μιχάλης,Αγγελόπουλος,Χρήστος,78,Male,52,50,98 Waubesa Alley,6949106231,pharrymany@vk.com,Internal Auditor,Djibouti,Payton Harryman,6939052150,Ανασφάλιστος
56837290051,Κώστας,Δημητρίου,Χρήστος,7,Male,76,77,00537 Debra Parkway,6922380860,pcastagnaz@stanford.edu,VP Marketing,China,Prescott Castagna,6960923319,Ανασφάλιστος
24297420672,Άννα,Γεωργίου,Βασίλης,81,Female,102,62,702 Hansons Avenue,6941512261,bgallemore10@miibeian.gov.cn,Paralegal,Serbia,Boyd Gallemore,6958534196,Ανασφάλιστος
13666164809,Παναγιώτης,Ιωάννου,Δημήτρης,63,Male,148,65,885 Vermont Pass,6965701865,cingree11@flavors.me,Mechanical Systems Engineer,Thailand,Chadd Ingree,6956640178,Ανασφάλιστος
93826706493,Σοφία,Νικολάου,Γιάννης,43,Female,107,104,311 Mccormick Road,6938846253,nsteanson12@theguardian.com,Database Administrator II,China,Niels Steanson,6913861410,ΕΦΚΑ
90907450300,Βασίλης,Γεωργίου,Μιχάλης,87,Male,9,175,3927 Quincy Place,6988401382,spitney13@google.ca,Operator,Russia,Shalom Pitney,6989008276,Ιδιωτική Ασφάλεια
42145824142,Σοφία,Γεωργίου,Νίκος,10,Female,39,172,379 Emmet Junction,6922438811,ccumbers14@typepad.com,Executive Secretary,Greece,Chester Cumbers,6943853447,Ιδιωτική Ασφάλεια
79695643575,Αγγελική,Παππάς,Κώστας,94,Female,88,202,5 Harper Place,6919042398,rperigeaux15@nymag.com,Help Desk Technician,China,Rinaldo Perigeaux,6962550946,Ιδιωτική Ασφάλεια
32981302546,Βασίλης,Δημητρίου,Θανάσης,39,Male,89,111,5 Manufacturers Lane,6936521368,crowat16@noaa.gov,Systems Administrator IV,Brazil,Colby Rowat,6938968475,ΕΦΚΑ
75973661145,Ελένη,Αγγελόπουλου,Γιάννης,28,Female,14,55,32762 Forster Crossing,6961326861,jhaysman17@gov.uk,Assistant Media Planner,Kazakhstan,Jermain Haysman,6977628935,ΕΦΚΑ
79902457715,Παναγιώτης,Παπαδόπουλος,Κώστας,42,Male,63,118,839 Briar Crest Place,6941035593,rchallin18@weibo.com,Analyst Programmer,Bulgaria,Redford Challin,6978319597,Ανασφάλιστος
90583591589,Ιωάννα,Δημητρίου,Παναγιώτης,59,Female,13,150,4 Dawn Center,6977525250,hlavell19@cnbc.com,Software Engineer III,Thailand,Harwell Lavell,6917474998,Ιδιωτική Ασφάλεια
84686489688,Κώστας,Καραγιάννης,Νίκος,8,Male,10,53,567 Leroy Street,6986658644,kfludder1a@about.me,Assistant Professor,Serbia,Kermie Fludder,6918571554,Ανασφάλιστος
64401533943,Βασιλική,Νικολάου,Χρήστος,17,Female,45,113,5557 Dennis Pass,6967141482,lhakonsen1b@cisco.com,Data Coordinator,Slovenia,Launce Hakonsen,6956783889,Ανασφάλιστος
33169238506,Δημήτρης,Δημητρίου,Νίκος,70,Male,19,186,31417 Sundown Lane,6989860495,ele1c@google.co.uk,Nurse,Cyprus,Elvyn Le Maitre,6911340448,Ιδιωτική Ασφάλεια
52575000527,Ελένη,Διαμαντής,Βασίλης,71,Female,26,57,2 Memorial Lane,6949531628,sesel1d@blogger.com,Electrical Engineer,Indonesia,Sauncho Esel,6997361076,Ανασφάλιστος
75406843147,Δημήτρης,Μακρής,Θανάσης,6,Male,146,90,659 Kim Pass,6918092825,tspofforth1e@twitpic.com,Human Resources Assistant III,China,Tucky Spofforth,6974092711,Ανασφάλιστος
60142664132,Γιώργος,Νικολάου,Κώστας,89,Male,141,200,8 Susan Lane,6981009980,skemmett1f@printfriendly.com,Business Systems Development Analyst,Malaysia,Sylvester Kemmett,6953048968,Ανασφάλιστος
24472724997,Μιχάλης,Δημητρίου,Θανάσης,49,Male,73,154,455 Novick Trail,6975699746,rghiotto1g@adobe.com,Programmer Analyst IV,China,Raviv Ghiotto,6968895647,ΕΦΚΑ
60197902331,Γιώργος,Βασιλείου,Θανάσης,94,Male,80,79,0 Rutledge Place,6925787602,chawyes1h@163.com,Account Coordinator,Poland,Clement Hawyes,6984316304,ΕΦΚΑ
30637169297,Ελένη,Παππάς,Δημήτρης,81,Female,113,92,939 Sachtjen Place,6970552521,jmyrkus1i@google.ca,Sales Associate,Portugal,Jonathan Myrkus,6970754862,Ανασφάλιστος
90877920694,Μαρία,Αγγελόπουλου,Κώστας,71,Female,90,163,138 Lerdahl Point,6936102558,kmcadam1j@reverbnation.com,Research Nurse,United States,Keene McAdam,6931640050,Ανασφάλιστος
13578442492,Κώστας,Αγγελόπουλος,Νίκος,91,Male,52,168,7603 Gulseth Road,6978058935,lgeorgelin1k@e-recht24.de,Senior Quality Engineer,Papua New Guinea,Lay Georgelin,6987040245,Ανασφάλιστος
88968226918,Γεωργία,Δημητρίου,Δημήτρης,55,Female,141,101,89 Harper Road,6953537077,jzollner1l@stumbleupon.com,Geological Engineer,Philippines,Jeffry Zollner,6953319287,Ιδιωτική Ασφάλεια
83278214895,Σοφία,Μακρής,Παναγιώτης,96,Female,146,59,6631 Annamark Place,6926745189,bplenderleith1m@sohu.com,Administrative Assistant II,Dominican Republic,Bennie Plenderleith,6997656192,Ιδιωτική Ασφάλεια
15914109671,Νίκος,Σταματόπουλος,Θανάσης,26,Male,68,184,89 Rieder Point,6928730099,rbarkshire1n@eepurl.com,Environmental Tech,Japan,Rhys Barkshire,6943906001,Ιδιωτική Ασφάλεια
33211322359,Ελένη,Λάσκαρη,Γιώργος,3,Female,65,109,9 Duke Park,6979540601,gbaroch1o@gov.uk,Human Resources Assistant III,United States,Gaven Baroch,6940336857,Ιδιωτική Ασφάλεια
39912331805,Κατερίνα,Γεωργίου,Κώστας,78,Female,31,187,9 Eliot Court,6943904069,slengthorn1p@surveymonkey.com,Recruiting Manager,China,Sascha Lengthorn,6976141083,Ανασφάλιστος
73050978275,Θανάσης,Δημητρίου,Γιώργος,69,Male,57,105,870 Thackeray Way,6987285351,wblune1q@odnoklassniki.ru,Professor,Namibia,Westbrook Blune,6984151898,Ιδιωτική Ασφάλεια
23752690099,Νίκος,Αγγελόπουλος,Γιάννης,84,Male,79,139,296 Spaight Point,6923421935,mtrigg1r@skype.com,Social Worker,China,Marcos Trigg,6910523682,ΕΦΚΑ
88554513243,Ελένη,Διαμαντής,Βασίλης,74,Female,76,179,0 Anhalt Court,6986952785,spender1s@psu.edu,Senior Cost Accountant,Czech Republic,Shaw Pender,6938169003,ΕΦΚΑ
80207593880,Κώστας,Νικολάου,Γιάννης,58,Male,78,86,855 Dunning Avenue,6980380440,cpietesch1t@webnode.com,Legal Assistant,Peru,Corty Pietesch,6968525898,Ανασφάλιστος
97114574026,Βασιλική,Βασιλείου,Θανάσης,60,Female,108,123,73142 Dixon Place,6940428458,bhenighan1u@booking.com,Automation Specialist III,Portugal,Benji Henighan,6961274797,Ιδιωτική Ασφάλεια
94574013001,Μιχάλης,Παπαδάκης,Δημήτρης,55,Male,107,185,90716 Forest Dale Trail,6981048499,gbarsam1v@oakley.com,Chemical Engineer,Czech Republic,Gardie Barsam,6911711118,Ιδιωτική Ασφάλεια
79838249029,Νίκος,Παππάς,Νίκος,7,Male,147,136,6760 Granby Circle,6988918177,aguilloton1w@time.com,Structural Engineer,United States,Angie Guilloton,6998690226,Ιδιωτική Ασφάλεια
56140410465,Γιώργος,Ιωάννου,Νίκος,54,Male,73,179,6272 Clyde Gallagher Plaza,6953535369,mfarebrother1x@japanpost.jp,Electrical Engineer,Russia,Malcolm Farebrother,6999240993,Ιδιωτική Ασφάλεια
21354669087,Βασίλης,Μακρής,Νίκος,74,Male,126,152,9357 Homewood Park,6984587849,bpackington1y@hatena.ne.jp,Biostatistician I,Indonesia,Bruis Packington,6989534857,Ιδιωτική Ασφάλεια
84047176955,Κώστας,Βασιλείου,Χρήστος,14,Male,109,89,0027 Messerschmidt Court,6988788093,aludl1z@163.com,Account Representative III,China,Alric Ludl,6950896263,Ιδιωτική Ασφάλεια
74749378297,Δημήτρης,Λάσκαρης,Θανάσης,30,Male,120,104,46117 South Avenue,6964445940,wkirtland20@npr.org,Research Associate,Portugal,Werner Kirtland,6924280160,Ανασφάλιστος
90973275997,Μαρία,Ιωάννου,Γιώργος,99,Female,89,202,74686 Del Mar Avenue,6986298673,staylder21@hugedomains.com,Office Assistant III,Greece,Sasha Taylder,6964513295,ΕΦΚΑ
12492568041,Γιώργος,Κωστόπουλος,Γιάννης,50,Male,78,51,50357 Pierstorff Pass,6969805432,dpeartree22@techcrunch.com,Accountant IV,Peru,Deck Peartree,6944645005,Ανασφάλιστος
74239645514,Ιωάννα,Βασιλείου,Νίκος,18,Female,71,195,3833 Florence Park,6936514023,nknipe23@columbia.edu,Graphic Designer,China,Niven Knipe,6969996450,ΕΦΚΑ
94774676260,Δήμητρα,Παππάς,Χρήστος,25,Female,79,83,163 Dwight Pass,6938616172,fdeverell24@1688.com,Database Administrator I,Poland,Ferris Deverell,6946955448,ΕΦΚΑ
46812026582,Παναγιώτης,Παππάς,Βασίλης,54,Male,37,83,641 Mifflin Plaza,6970498792,gjanacek25@drupal.org,VP Quality Control,Finland,Granger Janacek,6941954105,Ανασφάλιστος
40083827631,Μαρία,Αγγελόπουλου,Δημήτρης,31,Female,94,71,176 Rigney Circle,6967017871,cfogg26@indiatimes.com,Nurse Practicioner,France,Cameron Fogg,6920776037,ΕΦΚΑ
41260611685,Αγγελική,Λάσκαρη,Γιάννης,70,Female,141,58,175 Sage Plaza,6931524720,bbangle27@sfgate.com,Director of Sales,Kazakhstan,Bjorn Bangle,6989602457,Ανασφάλιστος
57714356848,Άννα,Καραγιάννη,Κώστας,7,Female,123,65,8493 Meadow Valley Street,6951011720,hfarrimond28@addthis.com,Sales Associate,China,Hiram Farrimond,6923839173,Ιδιωτική Ασφάλεια
29770533417,Μιχάλης,Αγγελόπουλος,Θανάσης,58,Male,46,204,3866 Corben Street,6970007195,nredding29@tuttocitta.it,Automation Specialist III,China,Neel Redding,6910731476,Ανασφάλιστος
70667592099,Κατερίνα,Νικολάου,Θανάσης,49,Female,73,105,14 Rockefeller Trail,6913467317,aagnolo2a@fotki.com,Occupational Therapist,Philippines,Andris Agnolo,6948372668,Ανασφάλιστος
54288371049,Μαρία,Παπαδόπουλου,Γιάννης,52,Female,150,165,518 Karstens Crossing,6913350326,lscartifield2b@wufoo.com,Data Coordinator,China,Lance Scartifield,6976013263,Ιδιωτική Ασφάλεια
66756898100,Χρήστος,Ιωάννου,Θανάσης,32,Male,31,202,20466 Troy Junction,6927065943,bantognoni2c@acquirethisname.com,Software Test Engineer I,Russia,Briggs Antognoni,6945248982,Ανασφάλιστος
26303357137,Κατερίνα,Παπαδόπουλου,Χρήστος,88,Female,70,151,1 Briar Crest Trail,6962415955,ddrummond2d@nature.com,Help Desk Technician,Ethiopia,Dominique Drummond,6995853703,ΕΦΚΑ
41960363426,Δήμητρα,Κωστόπουλου,Χρήστος,55,Female,19,155,6625 Bultman Way,6921628376,vlynskey2e@discovery.com,Web Developer II,Indonesia,Vaughan Lynskey,6933341240,Ανασφάλιστος
69918743476,Χρήστος,Παππάς,Μιχάλης,17,Male,15,178,71950 Katie Park,6963549873,mhanhart2f@linkedin.com,Assistant Media Planner,Slovenia,Mick Hanhart,6972087803,Ιδιωτική Ασφάλεια
68519847881,Μιχάλης,Διαμαντής,Χρήστος,42,Male,42,96,78 Shoshone Road,6918451032,bdunnet2g@tinyurl.com,Senior Quality Engineer,Sweden,Bradford Dunnet,6926005619,Ιδιωτική Ασφάλεια
30655380478,Κατερίνα,Παππάς,Κώστας,53,Female,29,155,4 Declaration Place,6944949405,edegli2h@aol.com,Engineer II,Greece,Ernst Degli Abbati,6968163949,Ιδιωτική Ασφάλεια
93964239543,Αγγελική,Διαμαντής,Γιώργος,45,Female,73,133,87 Hagan Road,6961496864,rmacavaddy2i@psu.edu,VP Quality Control,South Africa,Rriocard MacAvaddy,6937827926,ΕΦΚΑ
60710128556,Θανάσης,Παπαδάκης,Βασίλης,63,Male,69,164,472 Blackbird Parkway,6966963888,mbritcher2j@tripadvisor.com,Senior Editor,Poland,Moses Britcher,6999301446,ΕΦΚΑ
67087810691,Άννα,Δημητρίου,Γιάννης,44,Female,144,115,54 Village Trail,6978295548,mgonzalo2k@miitbeian.gov.cn,Professor,Bangladesh,Monro Gonzalo,6965061193,Ανασφάλιστος
70521038594,Θανάσης,Νικολάου,Θανάσης,39,Male,135,89,4 Merry Trail,6967883506,wkytley2l@bbc.co.uk,Payment Adjustment Coordinator,Indonesia,Woodman Kytley,6983278808,ΕΦΚΑ
15177314527,Κατερίνα,Σταματόπουλου,Βασίλης,22,Female,89,94,1607 Lukken Trail,6942525226,cgeraldo2m@nbcnews.com,Desktop Support Technician,Serbia,Conan Geraldo,6924574687,ΕΦΚΑ
99138936275,Γιώργος,Γεωργίου,Παναγιώτης,24,Male,31,128,96726 Dayton Circle,6945334687,pcarlozzi2n@nydailynews.com,Nurse Practicioner,Armenia,Parnell Carlozzi,6933767737,Ιδιωτική Ασφάλεια
80029940384,Βασιλική,Γεωργίου,Γιώργος,64,Female,7,85,08192 American Ash Lane,6970803214,nfrays2o@rediff.com,Safety Technician I,Indonesia,Niko Frays,6987715484,Ιδιωτική Ασφάλεια
31753001276,Μαρία,Σταματόπουλου,Δημήτρης,70,Female,45,88,4008 Kings Drive,6916984954,rseson2p@upenn.edu,Systems Administrator I,Pakistan,Roldan Seson,6945079430,Ιδιωτική Ασφάλεια
97562086883,Ιωάννα,Παπαδόπουλου,Θανάσης,74,Female,150,122,9459 Miller Plaza,6916629846,dgiggs2q@ed.gov,Clinical Specialist,China,Daven Giggs,6963023386,Ανασφάλιστος
17326715196,Μιχάλης,Δημητρίου,Παναγιώτης,94,Male,136,189,2 Oxford Park,6955970135,mfasson2r@ox.ac.uk,Quality Control Specialist,Brazil,Miguel Fasson,6973662371,Ιδιωτική Ασφάλεια
89153247356,Θανάσης,Δημητρίου,Χρήστος,18,Male,144,174,2 Barnett Plaza,6929282398,elangridge2s@rediff.com,Product Engineer,Vietnam,Ermanno Langridge,6960977969,Ιδιωτική Ασφάλεια
80997555070,Χρήστος,Καραγιάννης,Βασίλης,18,Male,36,110,356 Dovetail Junction,6947581286,rcoweuppe2t@sitemeter.com,Environmental Specialist,Poland,Ruggiero Coweuppe,6997308827,Ιδιωτική Ασφάλεια
59984212329,Μαρία,Ιωάννου,Γιάννης,96,Female,103,150,8378 Northridge Lane,6952475755,dbreinlein2u@printfriendly.com,Desktop Support Technician,Serbia,Duncan Breinlein,6968160227,Ανασφάλιστος
87956752664,Δήμητρα,Αγγελόπουλου,Παναγιώτης,79,Female,100,188,11781 Grim Pass,6917560033,ddeaville2v@china.com.cn,Accounting Assistant I,Mexico,Dolf Deaville,6986872095,Ιδιωτική Ασφάλεια
36024341293,Αγγελική,Μακρής,Κώστας,23,Female,12,94,98 Haas Circle,6967461849,cchampkin2w@uiuc.edu,Clinical Specialist,Sierra Leone,Clifford Champkin,6926502640,Ανασφάλιστος
86071834076,Γιώργος,Διαμαντής,Γιάννης,23,Male,90,204,70 John Wall Point,6981301455,acull2x@shop-pro.jp,Business Systems Development Analyst,Peru,Alexio Cull,6960214680,Ιδιωτική Ασφάλεια
47997346659,Κώστας,Διαμαντής,Θανάσης,29,Male,76,152,77770 Eliot Alley,6996271247,twestmerland2y@paypal.com,Editor,New Zealand,Tremaine Westmerland,6918823584,Ανασφάλιστος
56466512485,Μιχάλης,Βασιλείου,Νίκος,4,Male,70,127,3576 Loomis Terrace,6918600006,ehumm2z@huffingtonpost.com,Accounting Assistant III,China,Erin Humm,6942662350,Ανασφάλιστος
16784882349,Δημήτρης,Παπαδάκης,Παναγιώτης,40,Male,73,97,9 Lakewood Pass,6942988769,atilney30@webs.com,Chief Design Engineer,China,Alain Tilney,6987363840,Ιδιωτική Ασφάλεια
16716715515,Νίκος,Αγγελόπουλος,Θανάσης,26,Male,56,92,211 Graedel Drive,6961654322,iforsaith31@wix.com,Research Associate,Netherlands,Isidore Forsaith,6917244033,Ιδιωτική Ασφάλεια
51010386800,Χρήστος,Μακρής,Βασίλης,62,Male,20,154,024 1st Plaza,6976455438,iyakhin32@delicious.com,Nuclear Power Engineer,Guatemala,Ingmar Yakhin,6969115509,Ανασφάλιστος
64377086337,Σοφία,Κωστόπουλου,Θανάσης,74,Female,97,65,5 Homewood Place,6922869160,stivolier33@cafepress.com,Nurse,Brazil,Saxe Tivolier,6944174033,ΕΦΚΑ
29450522876,Γιάννης,Παππάς,Παναγιώτης,79,Male,128,111,4644 Northwestern Crossing,6998342931,emoen34@cornell.edu,Sales Associate,Indonesia,Elia Moen,6956411256,Ιδιωτική Ασφάλεια
82222304170,Κατερίνα,Δημητρίου,Βασίλης,38,Female,84,173,947 Killdeer Terrace,6974144393,cfoddy35@icio.us,Accountant III,Japan,Carly Foddy,6967021320,ΕΦΚΑ
98085604477,Βασίλης,Δημητρίου,Θανάσης,75,Male,22,109,205 Kropf Drive,6946219390,dpashler36@google.cn,Software Test Engineer II,Czech Republic,Dylan Pashler,6983762285,Ιδιωτική Ασφάλεια
82646811210,Μιχάλης,Παπαδόπουλος,Γιάννης,69,Male,44,199,628 Thackeray Street,6966519930,tsanderson37@latimes.com,Research Associate,Russia,Taddeo Sanderson,6944043505,Ιδιωτική Ασφάλεια
15778787753,Μιχάλης,Διαμαντής,Θανάσης,38,Male,12,206,86033 Montana Lane,6975352535,heliet38@jiathis.com,Quality Engineer,China,Haven Eliet,6986086341,Ανασφάλιστος
49287744748,Θανάσης,Σταματόπουλος,Νίκος,83,Male,53,50,7386 Orin Alley,6990476922,rblumson39@amazonaws.com,Engineer II,Czech Republic,Rad Blumson,6989134911,ΕΦΚΑ
69470469937,Μιχάλης,Αγγελόπουλος,Γιάννης,28,Male,70,104,86 Del Sol Alley,6983940400,areggler3a@moonfruit.com,Senior Sales Associate,Indonesia,Aubrey Reggler,6945449917,Ιδιωτική Ασφάλεια
80313238304,Κώστας,Παππάς,Θανάσης,58,Male,63,67,8 Upham Trail,6994547948,rgodsafe3b@google.it,Nuclear Power Engineer,Thailand,Rockie Godsafe,6963102134,Ανασφάλιστος
91048487331,Γεωργία,Παπαδόπουλου,Βασίλης,35,Female,36,134,709 Melby Street,6964952548,nnazer3c@samsung.com,General Manager,Macedonia,Nicolai Nazer,6947379753,Ιδιωτική Ασφάλεια
32181508606,Αγγελική,Παππάς,Γιάννης,66,Female,95,153,64 Michigan Hill,6929716450,rdahlgren3d@4shared.com,Design Engineer,China,Rogers Dahlgren,6959861787,Ανασφάλιστος
73355304328,Κώστας,Νικολάου,Κώστας,21,Male,139,136,68 Lotheville Place,6965549587,mde3e@shareasale.com,Chemical Engineer,China,Mac De Bruijn,6938576936,Ιδιωτική Ασφάλεια
86118625589,Βασιλική,Παπαδάκη,Παναγιώτης,6,Female,120,103,927 Banding Place,6921120879,rarundel3f@lycos.com,Programmer Analyst II,Philippines,Rolfe Arundel,6975953106,Ανασφάλιστος
79193941824,Αγγελική,Μακρής,Μιχάλης,71,Female,40,116,55444 Fisk Lane,6946805160,rblaisdell3g@deliciousdays.com,Marketing Manager,Vietnam,Rik Blaisdell,6923058793,Ανασφάλιστος
51746273679,Γιώργος,Αγγελόπουλος,Γιάννης,88,Male,147,205,187 Luster Place,6967643651,sgerb3h@photobucket.com,Media Manager III,China,Stern Gerb,6964951997,ΕΦΚΑ
12633175052,Ιωάννα,Βασιλείου,Νίκος,76,Female,75,70,95258 Beilfuss Alley,6920086476,rscanlin3i@cbc.ca,Community Outreach Specialist,Azerbaijan,Robb Scanlin,6960381940,Ανασφάλιστος
15679628443,Ελένη,Παπαδάκη,Γιώργος,72,Female,147,81,6366 Maryland Way,6955831761,msibly3j@friendfeed.com,Financial Advisor,Portugal,Mario Sibly,6922680607,ΕΦΚΑ
37712184811,Ελένη,Μακρής,Βασίλης,84,Female,76,184,3 Troy Crossing,6956641849,hpavlata3k@miitbeian.gov.cn,VP Marketing,Indonesia,Hillary Pavlata,6999581435,ΕΦΚΑ
71563728074,Βασίλης,Δημητρίου,Θανάσης,52,Male,12,125,9 Waubesa Parkway,6947210459,tbauduccio3l@shinystat.com,Account Coordinator,Bulgaria,Trevar Bauduccio,6953624104,Ιδιωτική Ασφάλεια
90124206333,Βασιλική,Καραγιάννη,Βασίλης,91,Female,119,103,7849 Alpine Avenue,6965819520,broistone3m@census.gov,Account Representative III,Finland,Basilio Roistone,6919075281,Ιδιωτική Ασφάλεια
33857231431,Βασίλης,Καραγιάννης,Θανάσης,24,Male,23,147,2 Hallows Avenue,6935316551,gmapston3n@fc2.com,Physical Therapy Assistant,Mongolia,Georg Mapston,6999908444,Ανασφάλιστος
52610866930,Νίκος,Δημητρίου,Θανάσης,56,Male,43,88,1 Birchwood Place,6914356208,cclother3o@fastcompany.com,Senior Editor,Portugal,Cedric Clother,6981754939,ΕΦΚΑ
33380044151,Γιώργος,Παππάς,Μιχάλης,68,Male,87,144,1326 Warrior Park,6917537462,eruslinge3p@businessweek.com,Research Associate,United States,Elwood Ruslinge,6990460284,ΕΦΚΑ
74706381680,Βασιλική,Διαμαντής,Βασίλης,1,Female,6,118,3 Chinook Alley,6957780371,hpayze3q@hp.com,Actuary,Philippines,Hadlee Payze,6952746603,Ανασφάλιστος
76677046089,Χρήστος,Ιωάννου,Γιάννης,16,Male,88,206,02840 Esker Place,6960446276,emirfield3r@paginegialle.it,VP Marketing,Indonesia,Elvis Mirfield,6973164113,Ανασφάλιστος
92003088193,Μιχάλης,Γεωργίου,Γιάννης,87,Male,23,118,1 Spohn Plaza,6918677396,cle3s@newyorker.com,Chemical Engineer,Philippines,Christian Le Sieur,6925810935,ΕΦΚΑ
96763184814,Γιώργος,Νικολάου,Δημήτρης,84,Male,28,74,4420 Prairieview Road,6959277779,usutterby3t@mapy.cz,Senior Sales Associate,Brazil,Ulysses Sutterby,6934687210,ΕΦΚΑ
78871328875,Κατερίνα,Παπαδόπουλου,Χρήστος,27,Female,81,60,42 5th Trail,6987576322,wkleine3u@ihg.com,Executive Secretary,Venezuela,Wain Kleine,6976125855,ΕΦΚΑ
56186517766,Ελένη,Ιωάννου,Γιάννης,24,Female,23,196,7858 Columbus Drive,6923173237,agreenstead3v@huffingtonpost.com,Food Chemist,China,Ambrosius Greenstead,6930870317,Ιδιωτική Ασφάλεια
36472981413,Βασίλης,Λάσκαρης,Γιάννης,41,Male,59,191,89 Hovde Parkway,6983944145,graspin3w@disqus.com,Social Worker,Albania,Gregoor Raspin,6915566348,ΕΦΚΑ
78572522733,Δήμητρα,Παπαδόπουλου,Γιώργος,0,Female,5,86,6997 Vera Road,6954309277,sferrettino3x@washingtonpost.com,Systems Administrator II,Japan,Sammy Ferrettino,6991198403,Ιδιωτική Ασφάλεια
24964725321,Παναγιώτης,Βασιλείου,Βασίλης,43,Male,147,138,2032 Loomis Court,6933453140,aackwood3y@netscape.com,Analyst Programmer,China,Armand Ackwood,6930113255,ΕΦΚΑ
34468214623,Άννα,Σταματόπουλου,Δημήτρης,17,Female,99,129,79382 Hanson Place,6969593553,werangy3z@studiopress.com,Recruiting Manager,Peru,Whitaker Erangy,6941714014,Ιδιωτική Ασφάλεια
60675545554,Δήμητρα,Παπαδόπουλου,Γιώργος,38,Female,74,184,4 Arapahoe Point,6993772617,rjoanaud40@un.org,Biostatistician III,China,Rodrick Joanaud,6911332085,Ανασφάλιστος
13296820689,Μαρία,Κωστόπουλου,Βασίλης,23,Female,141,140,51354 High Crossing Street,6962345619,ktompsett41@goodreads.com,Financial Analyst,Haiti,Karel Tompsett,6973549636,ΕΦΚΑ
68916270219,Γιάννης,Παπαδάκης,Βασίλης,0,Male,69,104,9 Brentwood Road,6922872122,bboschmann42@icq.com,Information Systems Manager,United States,Brook Boschmann,6948148152,Ανασφάλιστος
99832744737,Παναγιώτης,Ιωάννου,Μιχάλης,43,Male,55,187,5 Spohn Junction,6939386973,sebsworth43@mayoclinic.com,Technical Writer,Republic of the Congo,Shell Ebsworth,6952139773,ΕΦΚΑ
96383287869,Μαρία,Παπαδόπουλου,Χρήστος,2,Female,69,151,493 Emmet Parkway,6938907666,hmaseyk44@t.co,Paralegal,Kuwait,Hugo Maseyk,6950258237,Ανασφάλιστος
11774503770,Παναγιώτης,Καραγιάννης,Βασίλης,64,Male,123,192,88656 Sherman Hill,6925945744,nmarcinkus45@wufoo.com,Senior Sales Associate,China,Nikita Marcinkus,6932388238,Ιδιωτική Ασφάλεια
36356584813,Δήμητρα,Παππάς,Δημήτρης,49,Female,22,155,5948 Green Ridge Plaza,6917235123,rreinger46@ted.com,Professor,Philippines,Rockie Reinger,6931791973,Ιδιωτική Ασφάλεια
32602560891,Νίκος,Γεωργίου,Γιώργος,74,Male,71,90,48 Clarendon Terrace,6955444492,whiddsley47@gmpg.org,Librarian,Bolivia,Way Hiddsley,6932476784,ΕΦΚΑ
40009025265,Μιχάλης,Σταματόπουλος,Κώστας,5,Male,87,68,9 Sundown Plaza,6955885406,lletford48@myspace.com,Engineer I,Poland,Lorin Letford,6922976093,Ανασφάλιστος
60892712796,Μαρία,Διαμαντής,Χρήστος,49,Female,144,51,73161 Knutson Pass,6925075370,btruckell49@economist.com,Biostatistician I,Indonesia,Barney Truckell,6967374241,Ανασφάλιστος
19822423053,Κατερίνα,Ιωάννου,Παναγιώτης,47,Female,45,200,5 Chive Terrace,6926658506,lguilayn4a@vinaora.com,Internal Auditor,Peru,Lucais Guilayn,6994311845,Ανασφάλιστος
55469341762,Δήμητρα,Ιωάννου,Βασίλης,60,Female,3,137,958 Iowa Alley,6927637420,hokeeffe4b@exblog.jp,Systems Administrator II,Bangladesh,Howey O'Keeffe,6936883334,Ανασφάλιστος
73342830116,Σοφία,Διαμαντής,Κώστας,100,Female,144,67,8417 Sauthoff Court,6928994541,kmassingham4c@phpbb.com,Data Coordinator,Indonesia,Kelwin Massingham,6974591140,Ανασφάλιστος
38935118118,Θανάσης,Διαμαντής,Βασίλης,35,Male,114,95,8663 Vidon Way,6952328783,misgar4d@goo.ne.jp,Operator,Portugal,Maximilian Isgar,6911917042,Ανασφάλιστος
69237465396,Βασιλική,Μακρής,Μιχάλης,21,Female,68,152,6 Surrey Point,6921718349,trooksby4e@netlog.com,Operator,China,Tybalt Rooksby,6953201996,ΕΦΚΑ
47007408557,Θανάσης,Μακρής,Γιάννης,85,Male,91,78,6 Old Shore Junction,6971471276,mfranke4f@freewebs.com,Help Desk Operator,Italy,Mylo Franke,6972852015,Ανασφάλιστος
97540413322,Κατερίνα,Αγγελόπουλου,Γιώργος,98,Female,141,179,84 Elgar Center,6941046654,ahelstrom4g@blogger.com,Physical Therapy Assistant,Sweden,Augustus Helstrom,6974247519,Ανασφάλιστος
77560259223,Χρήστος,Νικολάου,Παναγιώτης,5,Male,9,113,458 Birchwood Court,6973585963,rmateescu4h@wikipedia.org,Database Administrator IV,Japan,Ralf Mateescu,6981921960,ΕΦΚΑ
94455644293,Βασίλης,Παπαδόπουλος,Νίκος,85,Male,37,182,684 Gateway Trail,6975085160,lblakeslee4i@mit.edu,Paralegal,Indonesia,Lonny Blakeslee,6938305423,Ιδιωτική Ασφάλεια
82152244235,Σοφία,Παππάς,Γιώργος,45,Female,41,67,0 Melody Court,6918205305,achadburn4j@blogtalkradio.com,Web Designer IV,Seychelles,Anton Chadburn,6929207866,Ανασφάλιστος
34375838574,Βασιλική,Παπαδάκη,Κώστας,33,Female,123,113,96957 Maple Point,6934003013,amccrachen4k@tumblr.com,Senior Developer,Guatemala,Augie McCrachen,6973501050,Ανασφάλιστος
82069926186,Άννα,Παπαδόπουλου,Νίκος,55,Female,121,159,37 Sachtjen Park,6943035968,clooney4l@shutterfly.com,Programmer III,Indonesia,Chadd Looney,6934050562,Ανασφάλιστος
64914681191,Σοφία,Μακρής,Δημήτρης,5,Female,29,204,37 Eagan Point,6960602615,hde4m@jugem.jp,Editor,Argentina,Hastie De Cleen,6962909780,Ιδιωτική Ασφάλεια
10675006956,Αγγελική,Καραγιάννη,Δημήτρης,39,Female,106,157,81 Vahlen Parkway,6964386315,rruddlesden4n@scribd.com,Quality Engineer,Indonesia,Rudolfo Ruddlesden,6986093676,ΕΦΚΑ
45302599227,Άννα,Διαμαντής,Γιάννης,32,Female,73,126,7656 Manitowish Hill,6990108238,twiddison4o@webs.com,Quality Engineer,Brazil,Terrence Widdison,6938902232,ΕΦΚΑ
86564797930,Χρήστος,Διαμαντής,Βασίλης,87,Male,67,201,6 Saint Paul Road,6944953033,mgoodacre4p@squarespace.com,Environmental Specialist,Sweden,Moore Goodacre,6910392230,Ιδιωτική Ασφάλεια
29869861533,Κατερίνα,Δημητρίου,Χρήστος,79,Female,103,120,1136 Hauk Alley,6930452875,lmcrae4q@scribd.com,Senior Sales Associate,Peru,Luca McRae,6938814850,Ανασφάλιστος
28604483021,Γιώργος,Μακρής,Κώστας,46,Male,149,92,9343 Boyd Avenue,6966757254,lhopkyns4r@cnn.com,GIS Technical Architect,Yemen,Lezley Hopkyns,6920446646,Ιδιωτική Ασφάλεια
23585968077,Άννα,Δημητρίου,Κώστας,95,Female,15,115,34 Longview Crossing,6965550172,cleeke4s@squidoo.com,Clinical Specialist,Mexico,Chase Leeke,6973864685,Ιδιωτική Ασφάλεια
64696919163,Παναγιώτης,Παπαδάκης,Παναγιώτης,24,Male,134,130,16043 5th Trail,6975802064,ekondrachenko4t@redcross.org,Food Chemist,China,Ewen Kondrachenko,6972438723,Ανασφάλιστος
46762883228,Άννα,Αγγελόπουλου,Θανάσης,14,Female,115,180,8 Larry Pass,6922094486,rabsolon4u@bravesites.com,Senior Developer,Uganda,Rene Absolon,6988699477,Ιδιωτική Ασφάλεια
61249169584,Ελένη,Διαμαντής,Δημήτρης,76,Female,88,161,04678 Fieldstone Terrace,6990951601,nfills4v@jimdo.com,Assistant Media Planner,Portugal,Nichole Fills,6968418901,ΕΦΚΑ
70772805029,Μαρία,Λάσκαρη,Θανάσης,39,Female,5,125,45 Longview Hill,6920672041,eharriagn4w@usatoday.com,Design Engineer,Indonesia,Ernesto Harriagn,6948407843,ΕΦΚΑ
39430819071,Χρήστος,Νικολάου,Κώστας,90,Male,18,163,1441 Hansons Hill,6980666028,hmcmenamie4x@stumbleupon.com,Speech Pathologist,France,Hadrian McMenamie,6949006538,Ιδιωτική Ασφάλεια
82882041506,Παναγιώτης,Βασιλείου,Θανάσης,80,Male,88,142,91 La Follette Lane,6916700476,sbigmore4y@etsy.com,VP Product Management,China,Sam Bigmore,6977176081,Ιδιωτική Ασφάλεια
81960982018,Ιωάννα,Παππάς,Νίκος,56,Female,5,116,28 Sauthoff Center,6931827799,lbrokenshaw4z@t-online.de,Human Resources Manager,Venezuela,Lockwood Brokenshaw,6988895337,Ιδιωτική Ασφάλεια
46056241622,Βασιλική,Ιωάννου,Κώστας,3,Female,114,143,952 Bluestem Center,6957448338,ggary50@wikipedia.org,Payment Adjustment Coordinator,China,Gerrie Gary,6925799045,ΕΦΚΑ
76273240493,Μιχάλης,Διαμαντής,Θανάσης,43,Male,121,154,60499 Butternut Trail,6911365912,cbernardy51@reddit.com,Research Associate,Iran,Caddric Bernardy,6989034304,Ιδιωτική Ασφάλεια
42410127541,Νίκος,Κωστόπουλος,Μιχάλης,82,Male,26,58,236 Golf View Plaza,6927246315,ssemple52@go.com,Data Coordinator,China,Sid Semple,6951198078,Ιδιωτική Ασφάλεια
13444119814,Χρήστος,Δημητρίου,Βασίλης,89,Male,100,103,0 Karstens Junction,6987707375,tmacgarvey53@chron.com,Senior Editor,France,Terrill MacGarvey,6976103384,ΕΦΚΑ
70873138282,Νίκος,Παπαδόπουλος,Δημήτρης,77,Male,86,118,06 Knutson Place,6951537323,hwrightham54@jigsy.com,Civil Engineer,China,Hasheem Wrightham,6978483023,Ιδιωτική Ασφάλεια
33044110184,Γεωργία,Παππάς,Θανάσης,32,Female,47,148,5036 Fairview Hill,6944991955,tbover55@ihg.com,Nurse,China,Theodore Bover,6941546153,ΕΦΚΑ
98081585082,Μιχάλης,Παππάς,Κώστας,43,Male,97,90,64 La Follette Alley,6982073224,rmarcq56@springer.com,Developer IV,Sweden,Roy Marcq,6936061215,Ιδιωτική Ασφάλεια
67243789496,Δήμητρα,Βασιλείου,Μιχάλης,80,Female,104,74,6836 Tennessee Junction,6932883730,rkempster57@ox.ac.uk,Compensation Analyst,Indonesia,Robbie Kempster,6916174364,Ανασφάλιστος
58145615428,Βασίλης,Διαμαντής,Δημήτρης,24,Male,79,193,34 Paget Crossing,6951497223,fkeppin58@japanpost.jp,Safety Technician II,Indonesia,Freeman Keppin,6932950565,Ανασφάλιστος
67407829976,Παναγιώτης,Ιωάννου,Παναγιώτης,61,Male,54,90,7278 Kenwood Park,6914005543,vbartosik59@usa.gov,Office Assistant IV,Indonesia,Valle Bartosik,6922325055,Ιδιωτική Ασφάλεια
91542731389,Χρήστος,Κωστόπουλος,Δημήτρης,34,Male,115,52,9 Oakridge Lane,6947948442,bdeniske5a@dyndns.org,Chemical Engineer,Uganda,Brnaba Deniske,6929093636,Ανασφάλιστος
60513785856,Ελένη,Μακρής,Μιχάλης,32,Female,91,194,551 Cottonwood Avenue,6936884897,srodge5b@yahoo.co.jp,Design Engineer,Malaysia,Stanford Rodge,6957218443,Ιδιωτική Ασφάλεια
36584847761,Γιώργος,Μακρής,Παναγιώτης,22,Male,64,105,416 Spenser Crossing,6931196585,dgossop5c@networkadvertising.org,Marketing Assistant,South Sudan,Dukey Gossop,6971694384,Ανασφάλιστος
81706746451,Γιώργος,Γεωργίου,Βασίλης,58,Male,131,205,1617 Morning Avenue,6914195794,nmar5d@baidu.com,Programmer Analyst II,Palestinian Territory,Noland Mar,6935337411,Ανασφάλιστος
37997771362,Χρήστος,Παππάς,Γιάννης,26,Male,137,130,62632 Tennessee Crossing,6994925430,dbruckman5e@deliciousdays.com,Quality Control Specialist,Philippines,Desmond Bruckman,6991850314,Ανασφάλιστος
26646644484,Αγγελική,Παππάς,Θανάσης,21,Female,52,179,58428 Portage Drive,6991322117,fwillcot5f@ustream.tv,Research Assistant I,Canada,Freeman Willcot,6946518383,Ανασφάλιστος
94763453856,Κώστας,Δημητρίου,Θανάσης,8,Male,4,112,1634 Warbler Avenue,6976714295,apedri5g@liveinternet.ru,VP Sales,Norway,Antonin Pedri,6993743338,ΕΦΚΑ
46104273577,Κώστας,Αγγελόπουλος,Βασίλης,4,Male,95,151,9 John Wall Terrace,6958728099,rshah5h@archive.org,Business Systems Development Analyst,Liechtenstein,Roarke Shah,6937364325,Ιδιωτική Ασφάλεια
45834447187,Κατερίνα,Παπαδάκη,Νίκος,54,Female,143,188,76 Steensland Court,6970476446,tbahlmann5i@omniture.com,Paralegal,Estonia,Tore Bahlmann,6987609796,ΕΦΚΑ
40107859093,Νίκος,Ιωάννου,Παναγιώτης,42,Male,88,96,4363 High Crossing Park,6996432724,nmartyn5j@t.co,Account Executive,Brazil,Noe Martyn,6921690267,Ανασφάλιστος
