amka,shift_id,role
13706183648,1,DOCTOR
15517900330,1,DOCTOR
18716063973,1,DOCTOR
10000000000,1,NURSE
10000000001,1,NURSE
10000000002,1,NURSE
10000000003,1,NURSE
10000000004,1,NURSE
10000000005,1,NURSE
20000000000,1,ADMIN
20000000001,1,ADMIN
32379434579,2,DOCTOR
45979296668,2,DOCTOR
46055220563,2,DOCTOR
10000000048,2,NURSE
10000000049,2,NURSE
10000000050,2,NURSE
10000000051,2,NURSE
10000000052,2,NURSE
10000000053,2,NURSE
20000000016,2,ADMIN
20000000017,2,ADMIN
18193427864,3,DOCTOR
20140926142,3,DOCTOR
22561283452,3,DOCTOR
10000000006,3,NURSE
10000000007,3,NURSE
10000000008,3,NURSE
10000000009,3,NURSE
10000000010,3,NURSE
10000000011,3,NURSE
20000000002,3,ADMIN
20000000003,3,ADMIN
33860842912,4,DOCTOR
50922589695,4,DOCTOR
51734845697,4,DOCTOR
10000000054,4,NURSE
10000000055,4,NURSE
10000000056,4,NURSE
10000000057,4,NURSE
10000000058,4,NURSE
10000000059,4,NURSE
20000000018,4,ADMIN
20000000019,4,ADMIN
19276620746,5,DOCTOR
22585413484,5,DOCTOR
27946441835,5,DOCTOR
10000000012,5,NURSE
10000000013,5,NURSE
10000000014,5,NURSE
10000000015,5,NURSE
10000000016,5,NURSE
10000000017,5,NURSE
20000000004,5,ADMIN
20000000005,5,ADMIN
35134846364,6,DOCTOR
51927673524,6,DOCTOR
52288372388,6,DOCTOR
10000000060,6,NURSE
10000000061,6,NURSE
10000000062,6,NURSE
10000000063,6,NURSE
10000000064,6,NURSE
10000000065,6,NURSE
20000000020,6,ADMIN
20000000021,6,ADMIN
20287442157,7,DOCTOR
30689575097,7,DOCTOR
30871168286,7,DOCTOR
10000000018,7,NURSE
10000000019,7,NURSE
10000000020,7,NURSE
10000000021,7,NURSE
10000000022,7,NURSE
10000000023,7,NURSE
20000000006,7,ADMIN
20000000007,7,ADMIN
21389790404,8,DOCTOR
33575450249,8,DOCTOR
35895166626,8,DOCTOR
10000000024,8,NURSE
10000000025,8,NURSE
10000000026,8,NURSE
10000000027,8,NURSE
10000000028,8,NURSE
10000000029,8,NURSE
20000000008,8,ADMIN
20000000009,8,ADMIN
30639295654,9,DOCTOR
37233268274,9,DOCTOR
38538288127,9,DOCTOR
10000000030,9,NURSE
10000000031,9,NURSE
10000000032,9,NURSE
10000000033,9,NURSE
10000000034,9,NURSE
10000000035,9,NURSE
20000000010,9,ADMIN
20000000011,9,ADMIN
31551628292,10,DOCTOR
39243562439,10,DOCTOR
40850595762,10,DOCTOR
10000000036,10,NURSE
10000000037,10,NURSE
10000000038,10,NURSE
10000000039,10,NURSE
10000000040,10,NURSE
10000000041,10,NURSE
20000000012,10,ADMIN
20000000013,10,ADMIN
31976884284,11,DOCTOR
41069533517,11,DOCTOR
44869451267,11,DOCTOR
10000000042,11,NURSE
10000000043,11,NURSE
10000000044,11,NURSE
10000000045,11,NURSE
10000000046,11,NURSE
10000000047,11,NURSE
20000000014,11,ADMIN
20000000015,11,ADMIN
36702445480,12,DOCTOR
53262763012,12,DOCTOR
53434182353,12,DOCTOR
10000000066,12,NURSE
10000000067,12,NURSE
10000000068,12,NURSE
10000000069,12,NURSE
10000000070,12,NURSE
10000000071,12,NURSE
20000000022,12,ADMIN
20000000023,12,ADMIN
74895326292,13,DOCTOR
82857924186,13,DOCTOR
89981892222,13,DOCTOR
10000000034,13,NURSE
10000000035,13,NURSE
10000000036,13,NURSE
10000000037,13,NURSE
10000000038,13,NURSE
10000000039,13,NURSE
20000000008,13,ADMIN
20000000009,13,ADMIN
40889689402,14,DOCTOR
53727815147,14,DOCTOR
55878996856,14,DOCTOR
10000000072,14,NURSE
10000000073,14,NURSE
10000000074,14,NURSE
10000000075,14,NURSE
10000000076,14,NURSE
10000000077,14,NURSE
20000000024,14,ADMIN
20000000025,14,ADMIN
75339133780,15,DOCTOR
94374664371,15,DOCTOR
95448079151,15,DOCTOR
10000000040,15,NURSE
10000000041,15,NURSE
10000000042,15,NURSE
10000000043,15,NURSE
10000000044,15,NURSE
10000000045,15,NURSE
20000000010,15,ADMIN
20000000011,15,ADMIN
47960718664,16,DOCTOR
56650467990,16,DOCTOR
57199282441,16,DOCTOR
10000000000,16,NURSE
10000000001,16,NURSE
10000000002,16,NURSE
10000000003,16,NURSE
10000000078,16,NURSE
10000000079,16,NURSE
20000000026,16,ADMIN
20000000027,16,ADMIN
77117947422,17,DOCTOR
98451520706,17,DOCTOR
98901183989,17,DOCTOR
10000000046,17,NURSE
10000000047,17,NURSE
10000000048,17,NURSE
10000000049,17,NURSE
10000000050,17,NURSE
10000000051,17,NURSE
20000000012,17,ADMIN
20000000013,17,ADMIN
48486875122,18,DOCTOR
60170274590,18,DOCTOR
60552999461,18,DOCTOR
10000000004,18,NURSE
10000000005,18,NURSE
10000000006,18,NURSE
10000000007,18,NURSE
10000000008,18,NURSE
10000000009,18,NURSE
20000000028,18,ADMIN
20000000029,18,ADMIN
56784597458,19,DOCTOR
62496380045,19,DOCTOR
62743168874,19,DOCTOR
10000000010,19,NURSE
10000000011,19,NURSE
10000000012,19,NURSE
10000000013,19,NURSE
10000000014,19,NURSE
10000000015,19,NURSE
20000000000,19,ADMIN
20000000001,19,ADMIN
60334753081,20,DOCTOR
65063112418,20,DOCTOR
67697807470,20,DOCTOR
10000000016,20,NURSE
10000000017,20,NURSE
10000000018,20,NURSE
10000000019,20,NURSE
10000000020,20,NURSE
10000000021,20,NURSE
20000000002,20,ADMIN
20000000003,20,ADMIN
60344799227,21,DOCTOR
67758463500,21,DOCTOR
73253025603,21,DOCTOR
10000000022,21,NURSE
10000000023,21,NURSE
10000000024,21,NURSE
10000000025,21,NURSE
10000000026,21,NURSE
10000000027,21,NURSE
20000000004,21,ADMIN
20000000005,21,ADMIN
62066779638,22,DOCTOR
74997800957,22,DOCTOR
78832401220,22,DOCTOR
10000000028,22,NURSE
10000000029,22,NURSE
10000000030,22,NURSE
10000000031,22,NURSE
10000000032,22,NURSE
10000000033,22,NURSE
20000000006,22,ADMIN
20000000007,22,ADMIN
80036372124,23,DOCTOR
81344410739,23,DOCTOR
99795619901,23,DOCTOR
10000000052,23,NURSE
10000000053,23,NURSE
10000000054,23,NURSE
10000000055,23,NURSE
10000000056,23,NURSE
10000000057,23,NURSE
20000000014,23,ADMIN
20000000015,23,ADMIN
20287442157,24,DOCTOR
30871168286,24,DOCTOR
33575450249,24,DOCTOR
10000000020,24,NURSE
10000000021,24,NURSE
10000000022,24,NURSE
10000000023,24,NURSE
10000000024,24,NURSE
10000000025,24,NURSE
20000000000,24,ADMIN
20000000001,24,ADMIN
83923788555,25,DOCTOR
84320135602,25,DOCTOR
85282038277,25,DOCTOR
10000000058,25,NURSE
10000000059,25,NURSE
10000000060,25,NURSE
10000000061,25,NURSE
10000000062,25,NURSE
10000000063,25,NURSE
20000000016,25,ADMIN
20000000017,25,ADMIN
21389790404,26,DOCTOR
35895166626,26,DOCTOR
37233268274,26,DOCTOR
10000000026,26,NURSE
10000000027,26,NURSE
10000000028,26,NURSE
10000000029,26,NURSE
10000000030,26,NURSE
10000000031,26,NURSE
20000000002,26,ADMIN
20000000003,26,ADMIN
90134508778,27,DOCTOR
90656248238,27,DOCTOR
91367023329,27,DOCTOR
10000000064,27,NURSE
10000000065,27,NURSE
10000000066,27,NURSE
10000000067,27,NURSE
10000000068,27,NURSE
10000000069,27,NURSE
20000000018,27,ADMIN
20000000019,27,ADMIN
30639295654,28,DOCTOR
38538288127,28,DOCTOR
39243562439,28,DOCTOR
10000000032,28,NURSE
10000000033,28,NURSE
10000000034,28,NURSE
10000000035,28,NURSE
10000000036,28,NURSE
10000000037,28,NURSE
20000000004,28,ADMIN
20000000005,28,ADMIN
92698522280,29,DOCTOR
94613426776,29,DOCTOR
96575194408,29,DOCTOR
10000000070,29,NURSE
10000000071,29,NURSE
10000000072,29,NURSE
10000000073,29,NURSE
10000000074,29,NURSE
10000000075,29,NURSE
20000000020,29,ADMIN
20000000021,29,ADMIN
15517900330,30,DOCTOR
97287210691,30,DOCTOR
98870684482,30,DOCTOR
10000000000,30,NURSE
10000000001,30,NURSE
10000000076,30,NURSE
10000000077,30,NURSE
10000000078,30,NURSE
10000000079,30,NURSE
20000000022,30,ADMIN
20000000023,30,ADMIN
13706183648,31,DOCTOR
18716063973,31,DOCTOR
20140926142,31,DOCTOR
10000000002,31,NURSE
10000000003,31,NURSE
10000000004,31,NURSE
10000000005,31,NURSE
10000000006,31,NURSE
10000000007,31,NURSE
20000000024,31,ADMIN
20000000025,31,ADMIN
18193427864,32,DOCTOR
22561283452,32,DOCTOR
22585413484,32,DOCTOR
10000000008,32,NURSE
10000000009,32,NURSE
10000000010,32,NURSE
10000000011,32,NURSE
10000000012,32,NURSE
10000000013,32,NURSE
20000000026,32,ADMIN
20000000027,32,ADMIN
19276620746,33,DOCTOR
27946441835,33,DOCTOR
30689575097,33,DOCTOR
10000000014,33,NURSE
10000000015,33,NURSE
10000000016,33,NURSE
10000000017,33,NURSE
10000000018,33,NURSE
10000000019,33,NURSE
20000000028,33,ADMIN
20000000029,33,ADMIN
31551628292,34,DOCTOR
40850595762,34,DOCTOR
41069533517,34,DOCTOR
10000000038,34,NURSE
10000000039,34,NURSE
10000000040,34,NURSE
10000000041,34,NURSE
10000000042,34,NURSE
10000000043,34,NURSE
20000000006,34,ADMIN
20000000007,34,ADMIN
48486875122,35,DOCTOR
60552999461,35,DOCTOR
62496380045,35,DOCTOR
10000000006,35,NURSE
10000000007,35,NURSE
10000000008,35,NURSE
10000000009,35,NURSE
10000000010,35,NURSE
10000000011,35,NURSE
20000000022,35,ADMIN
20000000023,35,ADMIN
31976884284,36,DOCTOR
44869451267,36,DOCTOR
45979296668,36,DOCTOR
10000000044,36,NURSE
10000000045,36,NURSE
10000000046,36,NURSE
10000000047,36,NURSE
10000000048,36,NURSE
10000000049,36,NURSE
20000000008,36,ADMIN
20000000009,36,ADMIN
56784597458,37,DOCTOR
62743168874,37,DOCTOR
65063112418,37,DOCTOR
10000000012,37,NURSE
10000000013,37,NURSE
10000000014,37,NURSE
10000000015,37,NURSE
10000000016,37,NURSE
10000000017,37,NURSE
20000000024,37,ADMIN
20000000025,37,ADMIN
32379434579,38,DOCTOR
46055220563,38,DOCTOR
50922589695,38,DOCTOR
10000000050,38,NURSE
10000000051,38,NURSE
10000000052,38,NURSE
10000000053,38,NURSE
10000000054,38,NURSE
10000000055,38,NURSE
20000000010,38,ADMIN
20000000011,38,ADMIN
60334753081,39,DOCTOR
67697807470,39,DOCTOR
67758463500,39,DOCTOR
10000000018,39,NURSE
10000000019,39,NURSE
10000000020,39,NURSE
10000000021,39,NURSE
10000000022,39,NURSE
10000000023,39,NURSE
20000000026,39,ADMIN
20000000027,39,ADMIN
33860842912,40,DOCTOR
51734845697,40,DOCTOR
51927673524,40,DOCTOR
10000000056,40,NURSE
10000000057,40,NURSE
10000000058,40,NURSE
10000000059,40,NURSE
10000000060,40,NURSE
10000000061,40,NURSE
20000000012,40,ADMIN
20000000013,40,ADMIN
35134846364,41,DOCTOR
52288372388,41,DOCTOR
53262763012,41,DOCTOR
10000000062,41,NURSE
10000000063,41,NURSE
10000000064,41,NURSE
10000000065,41,NURSE
10000000066,41,NURSE
10000000067,41,NURSE
20000000014,41,ADMIN
20000000015,41,ADMIN
36702445480,42,DOCTOR
53434182353,42,DOCTOR
53727815147,42,DOCTOR
10000000068,42,NURSE
10000000069,42,NURSE
10000000070,42,NURSE
10000000071,42,NURSE
10000000072,42,NURSE
10000000073,42,NURSE
20000000016,42,ADMIN
20000000017,42,ADMIN
40889689402,43,DOCTOR
55878996856,43,DOCTOR
56650467990,43,DOCTOR
10000000074,43,NURSE
10000000075,43,NURSE
10000000076,43,NURSE
10000000077,43,NURSE
10000000078,43,NURSE
10000000079,43,NURSE
20000000018,43,ADMIN
20000000019,43,ADMIN
47960718664,44,DOCTOR
57199282441,44,DOCTOR
60170274590,44,DOCTOR
10000000000,44,NURSE
10000000001,44,NURSE
10000000002,44,NURSE
10000000003,44,NURSE
10000000004,44,NURSE
10000000005,44,NURSE
20000000020,44,ADMIN
20000000021,44,ADMIN
60344799227,45,DOCTOR
73253025603,45,DOCTOR
74997800957,45,DOCTOR
10000000024,45,NURSE
10000000025,45,NURSE
10000000026,45,NURSE
10000000027,45,NURSE
10000000028,45,NURSE
10000000029,45,NURSE
20000000028,45,ADMIN
20000000029,45,ADMIN
94613426776,46,DOCTOR
96575194408,46,DOCTOR
97287210691,46,DOCTOR
10000000072,46,NURSE
10000000073,46,NURSE
10000000074,46,NURSE
10000000075,46,NURSE
10000000076,46,NURSE
10000000077,46,NURSE
20000000014,46,ADMIN
20000000015,46,ADMIN
62066779638,47,DOCTOR
78832401220,47,DOCTOR
82857924186,47,DOCTOR
10000000030,47,NURSE
10000000031,47,NURSE
10000000032,47,NURSE
10000000033,47,NURSE
10000000034,47,NURSE
10000000035,47,NURSE
20000000000,47,ADMIN
20000000001,47,ADMIN
15517900330,48,DOCTOR
18716063973,48,DOCTOR
98870684482,48,DOCTOR
10000000000,48,NURSE
10000000001,48,NURSE
10000000002,48,NURSE
10000000003,48,NURSE
10000000078,48,NURSE
10000000079,48,NURSE
20000000016,48,ADMIN
20000000017,48,ADMIN
74895326292,49,DOCTOR
89981892222,49,DOCTOR
94374664371,49,DOCTOR
10000000036,49,NURSE
10000000037,49,NURSE
10000000038,49,NURSE
10000000039,49,NURSE
10000000040,49,NURSE
10000000041,49,NURSE
20000000002,49,ADMIN
20000000003,49,ADMIN
13706183648,50,DOCTOR
20140926142,50,DOCTOR
22561283452,50,DOCTOR
10000000004,50,NURSE
10000000005,50,NURSE
10000000006,50,NURSE
10000000007,50,NURSE
10000000008,50,NURSE
10000000009,50,NURSE
20000000018,50,ADMIN
20000000019,50,ADMIN
75339133780,51,DOCTOR
95448079151,51,DOCTOR
98451520706,51,DOCTOR
10000000042,51,NURSE
10000000043,51,NURSE
10000000044,51,NURSE
10000000045,51,NURSE
10000000046,51,NURSE
10000000047,51,NURSE
20000000004,51,ADMIN
20000000005,51,ADMIN
77117947422,52,DOCTOR
98901183989,52,DOCTOR
99795619901,52,DOCTOR
10000000048,52,NURSE
10000000049,52,NURSE
10000000050,52,NURSE
10000000051,52,NURSE
10000000052,52,NURSE
10000000053,52,NURSE
20000000006,52,ADMIN
20000000007,52,ADMIN
80036372124,53,DOCTOR
81344410739,53,DOCTOR
83923788555,53,DOCTOR
10000000054,53,NURSE
10000000055,53,NURSE
10000000056,53,NURSE
10000000057,53,NURSE
10000000058,53,NURSE
10000000059,53,NURSE
20000000008,53,ADMIN
20000000009,53,ADMIN
84320135602,54,DOCTOR
85282038277,54,DOCTOR
90134508778,54,DOCTOR
10000000060,54,NURSE
10000000061,54,NURSE
10000000062,54,NURSE
10000000063,54,NURSE
10000000064,54,NURSE
10000000065,54,NURSE
20000000010,54,ADMIN
20000000011,54,ADMIN
90656248238,55,DOCTOR
91367023329,55,DOCTOR
92698522280,55,DOCTOR
10000000066,55,NURSE
10000000067,55,NURSE
10000000068,55,NURSE
10000000069,55,NURSE
10000000070,55,NURSE
10000000071,55,NURSE
20000000012,55,ADMIN
20000000013,55,ADMIN
18193427864,56,DOCTOR
22585413484,56,DOCTOR
27946441835,56,DOCTOR
10000000010,56,NURSE
10000000011,56,NURSE
10000000012,56,NURSE
10000000013,56,NURSE
10000000014,56,NURSE
10000000015,56,NURSE
20000000020,56,ADMIN
20000000021,56,ADMIN
33860842912,57,DOCTOR
51927673524,57,DOCTOR
52288372388,57,DOCTOR
10000000058,57,NURSE
10000000059,57,NURSE
10000000060,57,NURSE
10000000061,57,NURSE
10000000062,57,NURSE
10000000063,57,NURSE
20000000006,57,ADMIN
20000000007,57,ADMIN
19276620746,58,DOCTOR
30689575097,58,DOCTOR
30871168286,58,DOCTOR
10000000016,58,NURSE
10000000017,58,NURSE
10000000018,58,NURSE
10000000019,58,NURSE
10000000020,58,NURSE
10000000021,58,NURSE
20000000022,58,ADMIN
20000000023,58,ADMIN
35134846364,59,DOCTOR
53262763012,59,DOCTOR
53434182353,59,DOCTOR
10000000064,59,NURSE
10000000065,59,NURSE
10000000066,59,NURSE
10000000067,59,NURSE
10000000068,59,NURSE
10000000069,59,NURSE
20000000008,59,ADMIN
20000000009,59,ADMIN
20287442157,60,DOCTOR
33575450249,60,DOCTOR
35895166626,60,DOCTOR
10000000022,60,NURSE
10000000023,60,NURSE
10000000024,60,NURSE
10000000025,60,NURSE
10000000026,60,NURSE
10000000027,60,NURSE
20000000024,60,ADMIN
20000000025,60,ADMIN
36702445480,61,DOCTOR
53727815147,61,DOCTOR
55878996856,61,DOCTOR
10000000070,61,NURSE
10000000071,61,NURSE
10000000072,61,NURSE
10000000073,61,NURSE
10000000074,61,NURSE
10000000075,61,NURSE
20000000010,61,ADMIN
20000000011,61,ADMIN
21389790404,62,DOCTOR
37233268274,62,DOCTOR
38538288127,62,DOCTOR
10000000028,62,NURSE
10000000029,62,NURSE
10000000030,62,NURSE
10000000031,62,NURSE
10000000032,62,NURSE
10000000033,62,NURSE
20000000026,62,ADMIN
20000000027,62,ADMIN
30639295654,63,DOCTOR
39243562439,63,DOCTOR
40850595762,63,DOCTOR
10000000034,63,NURSE
10000000035,63,NURSE
10000000036,63,NURSE
10000000037,63,NURSE
10000000038,63,NURSE
10000000039,63,NURSE
20000000028,63,ADMIN
20000000029,63,ADMIN
31551628292,64,DOCTOR
41069533517,64,DOCTOR
44869451267,64,DOCTOR
10000000040,64,NURSE
10000000041,64,NURSE
10000000042,64,NURSE
10000000043,64,NURSE
10000000044,64,NURSE
10000000045,64,NURSE
20000000000,64,ADMIN
20000000001,64,ADMIN
31976884284,65,DOCTOR
45979296668,65,DOCTOR
46055220563,65,DOCTOR
10000000046,65,NURSE
10000000047,65,NURSE
10000000048,65,NURSE
10000000049,65,NURSE
10000000050,65,NURSE
10000000051,65,NURSE
20000000002,65,ADMIN
20000000003,65,ADMIN
32379434579,66,DOCTOR
50922589695,66,DOCTOR
51734845697,66,DOCTOR
10000000052,66,NURSE
10000000053,66,NURSE
10000000054,66,NURSE
10000000055,66,NURSE
10000000056,66,NURSE
10000000057,66,NURSE
20000000004,66,ADMIN
20000000005,66,ADMIN
40889689402,67,DOCTOR
56650467990,67,DOCTOR
57199282441,67,DOCTOR
10000000000,67,NURSE
10000000001,67,NURSE
10000000076,67,NURSE
10000000077,67,NURSE
10000000078,67,NURSE
10000000079,67,NURSE
20000000012,67,ADMIN
20000000013,67,ADMIN
47960718664,68,DOCTOR
60170274590,68,DOCTOR
60552999461,68,DOCTOR
10000000002,68,NURSE
10000000003,68,NURSE
10000000004,68,NURSE
10000000005,68,NURSE
10000000006,68,NURSE
10000000007,68,NURSE
20000000014,68,ADMIN
20000000015,68,ADMIN
48486875122,69,DOCTOR
62496380045,69,DOCTOR
62743168874,69,DOCTOR
10000000008,69,NURSE
10000000009,69,NURSE
10000000010,69,NURSE
10000000011,69,NURSE
10000000012,69,NURSE
10000000013,69,NURSE
20000000016,69,ADMIN
20000000017,69,ADMIN
56784597458,70,DOCTOR
65063112418,70,DOCTOR
67697807470,70,DOCTOR
10000000014,70,NURSE
10000000015,70,NURSE
10000000016,70,NURSE
10000000017,70,NURSE
10000000018,70,NURSE
10000000019,70,NURSE
20000000018,70,ADMIN
20000000019,70,ADMIN
60334753081,71,DOCTOR
67758463500,71,DOCTOR
73253025603,71,DOCTOR
10000000020,71,NURSE
10000000021,71,NURSE
10000000022,71,NURSE
10000000023,71,NURSE
10000000024,71,NURSE
10000000025,71,NURSE
20000000020,71,ADMIN
20000000021,71,ADMIN
60344799227,72,DOCTOR
74997800957,72,DOCTOR
78832401220,72,DOCTOR
10000000026,72,NURSE
10000000027,72,NURSE
10000000028,72,NURSE
10000000029,72,NURSE
10000000030,72,NURSE
10000000031,72,NURSE
20000000022,72,ADMIN
20000000023,72,ADMIN
62066779638,73,DOCTOR
82857924186,73,DOCTOR
89981892222,73,DOCTOR
10000000032,73,NURSE
10000000033,73,NURSE
10000000034,73,NURSE
10000000035,73,NURSE
10000000036,73,NURSE
10000000037,73,NURSE
20000000024,73,ADMIN
20000000025,73,ADMIN
74895326292,74,DOCTOR
94374664371,74,DOCTOR
95448079151,74,DOCTOR
10000000038,74,NURSE
10000000039,74,NURSE
10000000040,74,NURSE
10000000041,74,NURSE
10000000042,74,NURSE
10000000043,74,NURSE
20000000026,74,ADMIN
20000000027,74,ADMIN
75339133780,75,DOCTOR
98451520706,75,DOCTOR
98901183989,75,DOCTOR
10000000044,75,NURSE
10000000045,75,NURSE
10000000046,75,NURSE
10000000047,75,NURSE
10000000048,75,NURSE
10000000049,75,NURSE
20000000028,75,ADMIN
20000000029,75,ADMIN
77117947422,76,DOCTOR
80036372124,76,DOCTOR
99795619901,76,DOCTOR
10000000050,76,NURSE
10000000051,76,NURSE
10000000052,76,NURSE
10000000053,76,NURSE
10000000054,76,NURSE
10000000055,76,NURSE
20000000000,76,ADMIN
20000000001,76,ADMIN
81344410739,77,DOCTOR
83923788555,77,DOCTOR
84320135602,77,DOCTOR
10000000056,77,NURSE
10000000057,77,NURSE
10000000058,77,NURSE
10000000059,77,NURSE
10000000060,77,NURSE
10000000061,77,NURSE
20000000002,77,ADMIN
20000000003,77,ADMIN
85282038277,78,DOCTOR
90134508778,78,DOCTOR
90656248238,78,DOCTOR
10000000062,78,NURSE
10000000063,78,NURSE
10000000064,78,NURSE
10000000065,78,NURSE
10000000066,78,NURSE
10000000067,78,NURSE
20000000004,78,ADMIN
20000000005,78,ADMIN
91367023329,79,DOCTOR
92698522280,79,DOCTOR
94613426776,79,DOCTOR
10000000068,79,NURSE
10000000069,79,NURSE
10000000070,79,NURSE
10000000071,79,NURSE
10000000072,79,NURSE
10000000073,79,NURSE
20000000006,79,ADMIN
20000000007,79,ADMIN
96575194408,80,DOCTOR
97287210691,80,DOCTOR
98870684482,80,DOCTOR
10000000074,80,NURSE
10000000075,80,NURSE
10000000076,80,NURSE
10000000077,80,NURSE
10000000078,80,NURSE
10000000079,80,NURSE
20000000008,80,ADMIN
20000000009,80,ADMIN
13706183648,81,DOCTOR
15517900330,81,DOCTOR
18716063973,81,DOCTOR
10000000000,81,NURSE
10000000001,81,NURSE
10000000002,81,NURSE
10000000003,81,NURSE
10000000004,81,NURSE
10000000005,81,NURSE
20000000010,81,ADMIN
20000000011,81,ADMIN
18193427864,82,DOCTOR
20140926142,82,DOCTOR
22561283452,82,DOCTOR
10000000006,82,NURSE
10000000007,82,NURSE
10000000008,82,NURSE
10000000009,82,NURSE
10000000010,82,NURSE
10000000011,82,NURSE
20000000012,82,ADMIN
20000000013,82,ADMIN
19276620746,83,DOCTOR
22585413484,83,DOCTOR
27946441835,83,DOCTOR
10000000012,83,NURSE
10000000013,83,NURSE
10000000014,83,NURSE
10000000015,83,NURSE
10000000016,83,NURSE
10000000017,83,NURSE
20000000014,83,ADMIN
20000000015,83,ADMIN
20287442157,84,DOCTOR
30689575097,84,DOCTOR
30871168286,84,DOCTOR
10000000018,84,NURSE
10000000019,84,NURSE
10000000020,84,NURSE
10000000021,84,NURSE
10000000022,84,NURSE
10000000023,84,NURSE
20000000016,84,ADMIN
20000000017,84,ADMIN
21389790404,85,DOCTOR
33575450249,85,DOCTOR
35895166626,85,DOCTOR
10000000024,85,NURSE
10000000025,85,NURSE
10000000026,85,NURSE
10000000027,85,NURSE
10000000028,85,NURSE
10000000029,85,NURSE
20000000018,85,ADMIN
20000000019,85,ADMIN
30639295654,86,DOCTOR
37233268274,86,DOCTOR
38538288127,86,DOCTOR
10000000030,86,NURSE
10000000031,86,NURSE
10000000032,86,NURSE
10000000033,86,NURSE
10000000034,86,NURSE
10000000035,86,NURSE
20000000020,86,ADMIN
20000000021,86,ADMIN
31551628292,87,DOCTOR
39243562439,87,DOCTOR
40850595762,87,DOCTOR
10000000036,87,NURSE
10000000037,87,NURSE
10000000038,87,NURSE
10000000039,87,NURSE
10000000040,87,NURSE
10000000041,87,NURSE
20000000022,87,ADMIN
20000000023,87,ADMIN
31976884284,88,DOCTOR
41069533517,88,DOCTOR
44869451267,88,DOCTOR
10000000042,88,NURSE
10000000043,88,NURSE
10000000044,88,NURSE
10000000045,88,NURSE
10000000046,88,NURSE
10000000047,88,NURSE
20000000024,88,ADMIN
20000000025,88,ADMIN
32379434579,89,DOCTOR
45979296668,89,DOCTOR
46055220563,89,DOCTOR
10000000048,89,NURSE
10000000049,89,NURSE
10000000050,89,NURSE
10000000051,89,NURSE
10000000052,89,NURSE
10000000053,89,NURSE
20000000026,89,ADMIN
20000000027,89,ADMIN
33860842912,90,DOCTOR
50922589695,90,DOCTOR
51734845697,90,DOCTOR
10000000054,90,NURSE
10000000055,90,NURSE
10000000056,90,NURSE
10000000057,90,NURSE
10000000058,90,NURSE
10000000059,90,NURSE
20000000028,90,ADMIN
20000000029,90,ADMIN
35134846364,91,DOCTOR
51927673524,91,DOCTOR
52288372388,91,DOCTOR
10000000060,91,NURSE
10000000061,91,NURSE
10000000062,91,NURSE
10000000063,91,NURSE
10000000064,91,NURSE
10000000065,91,NURSE
20000000000,91,ADMIN
20000000001,91,ADMIN
36702445480,92,DOCTOR
53262763012,92,DOCTOR
53434182353,92,DOCTOR
10000000066,92,NURSE
10000000067,92,NURSE
10000000068,92,NURSE
10000000069,92,NURSE
10000000070,92,NURSE
10000000071,92,NURSE
20000000002,92,ADMIN
20000000003,92,ADMIN
40889689402,93,DOCTOR
53727815147,93,DOCTOR
55878996856,93,DOCTOR
10000000072,93,NURSE
10000000073,93,NURSE
10000000074,93,NURSE
10000000075,93,NURSE
10000000076,93,NURSE
10000000077,93,NURSE
20000000004,93,ADMIN
20000000005,93,ADMIN
47960718664,94,DOCTOR
56650467990,94,DOCTOR
57199282441,94,DOCTOR
10000000000,94,NURSE
10000000001,94,NURSE
10000000002,94,NURSE
10000000003,94,NURSE
10000000078,94,NURSE
10000000079,94,NURSE
20000000006,94,ADMIN
20000000007,94,ADMIN
48486875122,95,DOCTOR
60170274590,95,DOCTOR
60552999461,95,DOCTOR
10000000004,95,NURSE
10000000005,95,NURSE
10000000006,95,NURSE
10000000007,95,NURSE
10000000008,95,NURSE
10000000009,95,NURSE
20000000008,95,ADMIN
20000000009,95,ADMIN
56784597458,96,DOCTOR
62496380045,96,DOCTOR
62743168874,96,DOCTOR
10000000010,96,NURSE
10000000011,96,NURSE
10000000012,96,NURSE
10000000013,96,NURSE
10000000014,96,NURSE
10000000015,96,NURSE
20000000010,96,ADMIN
20000000011,96,ADMIN
60334753081,97,DOCTOR
65063112418,97,DOCTOR
67697807470,97,DOCTOR
10000000016,97,NURSE
10000000017,97,NURSE
10000000018,97,NURSE
10000000019,97,NURSE
10000000020,97,NURSE
10000000021,97,NURSE
20000000012,97,ADMIN
20000000013,97,ADMIN
60344799227,98,DOCTOR
67758463500,98,DOCTOR
73253025603,98,DOCTOR
10000000022,98,NURSE
10000000023,98,NURSE
10000000024,98,NURSE
10000000025,98,NURSE
10000000026,98,NURSE
10000000027,98,NURSE
20000000014,98,ADMIN
20000000015,98,ADMIN
62066779638,99,DOCTOR
74997800957,99,DOCTOR
78832401220,99,DOCTOR
10000000028,99,NURSE
10000000029,99,NURSE
10000000030,99,NURSE
10000000031,99,NURSE
10000000032,99,NURSE
10000000033,99,NURSE
20000000016,99,ADMIN
20000000017,99,ADMIN
74895326292,100,DOCTOR
82857924186,100,DOCTOR
89981892222,100,DOCTOR
10000000034,100,NURSE
10000000035,100,NURSE
10000000036,100,NURSE
10000000037,100,NURSE
10000000038,100,NURSE
10000000039,100,NURSE
20000000018,100,ADMIN
20000000019,100,ADMIN
75339133780,101,DOCTOR
94374664371,101,DOCTOR
95448079151,101,DOCTOR
10000000040,101,NURSE
10000000041,101,NURSE
10000000042,101,NURSE
10000000043,101,NURSE
10000000044,101,NURSE
10000000045,101,NURSE
20000000020,101,ADMIN
20000000021,101,ADMIN
77117947422,102,DOCTOR
98451520706,102,DOCTOR
98901183989,102,DOCTOR
10000000046,102,NURSE
10000000047,102,NURSE
10000000048,102,NURSE
10000000049,102,NURSE
10000000050,102,NURSE
10000000051,102,NURSE
20000000022,102,ADMIN
20000000023,102,ADMIN
80036372124,103,DOCTOR
81344410739,103,DOCTOR
99795619901,103,DOCTOR
10000000052,103,NURSE
10000000053,103,NURSE
10000000054,103,NURSE
10000000055,103,NURSE
10000000056,103,NURSE
10000000057,103,NURSE
20000000024,103,ADMIN
20000000025,103,ADMIN
83923788555,104,DOCTOR
84320135602,104,DOCTOR
85282038277,104,DOCTOR
10000000058,104,NURSE
10000000059,104,NURSE
10000000060,104,NURSE
10000000061,104,NURSE
10000000062,104,NURSE
10000000063,104,NURSE
20000000026,104,ADMIN
20000000027,104,ADMIN
90134508778,105,DOCTOR
90656248238,105,DOCTOR
91367023329,105,DOCTOR
10000000064,105,NURSE
10000000065,105,NURSE
10000000066,105,NURSE
10000000067,105,NURSE
10000000068,105,NURSE
10000000069,105,NURSE
20000000028,105,ADMIN
20000000029,105,ADMIN
92698522280,106,DOCTOR
94613426776,106,DOCTOR
96575194408,106,DOCTOR
10000000070,106,NURSE
10000000071,106,NURSE
10000000072,106,NURSE
10000000073,106,NURSE
10000000074,106,NURSE
10000000075,106,NURSE
20000000000,106,ADMIN
20000000001,106,ADMIN
15517900330,107,DOCTOR
97287210691,107,DOCTOR
98870684482,107,DOCTOR
10000000000,107,NURSE
10000000001,107,NURSE
10000000076,107,NURSE
10000000077,107,NURSE
10000000078,107,NURSE
10000000079,107,NURSE
20000000002,107,ADMIN
20000000003,107,ADMIN
13706183648,108,DOCTOR
18716063973,108,DOCTOR
20140926142,108,DOCTOR
10000000002,108,NURSE
10000000003,108,NURSE
10000000004,108,NURSE
10000000005,108,NURSE
10000000006,108,NURSE
10000000007,108,NURSE
20000000004,108,ADMIN
20000000005,108,ADMIN
18193427864,109,DOCTOR
22561283452,109,DOCTOR
22585413484,109,DOCTOR
10000000008,109,NURSE
10000000009,109,NURSE
10000000010,109,NURSE
10000000011,109,NURSE
10000000012,109,NURSE
10000000013,109,NURSE
20000000006,109,ADMIN
20000000007,109,ADMIN
19276620746,110,DOCTOR
27946441835,110,DOCTOR
30689575097,110,DOCTOR
10000000014,110,NURSE
10000000015,110,NURSE
10000000016,110,NURSE
10000000017,110,NURSE
10000000018,110,NURSE
10000000019,110,NURSE
20000000008,110,ADMIN
20000000009,110,ADMIN
20287442157,111,DOCTOR
30871168286,111,DOCTOR
33575450249,111,DOCTOR
10000000020,111,NURSE
10000000021,111,NURSE
10000000022,111,NURSE
10000000023,111,NURSE
10000000024,111,NURSE
10000000025,111,NURSE
20000000010,111,ADMIN
20000000011,111,ADMIN
21389790404,112,DOCTOR
35895166626,112,DOCTOR
37233268274,112,DOCTOR
10000000026,112,NURSE
10000000027,112,NURSE
10000000028,112,NURSE
10000000029,112,NURSE
10000000030,112,NURSE
10000000031,112,NURSE
20000000012,112,ADMIN
20000000013,112,ADMIN
30639295654,113,DOCTOR
38538288127,113,DOCTOR
39243562439,113,DOCTOR
10000000032,113,NURSE
10000000033,113,NURSE
10000000034,113,NURSE
10000000035,113,NURSE
10000000036,113,NURSE
10000000037,113,NURSE
20000000014,113,ADMIN
20000000015,113,ADMIN
31551628292,114,DOCTOR
40850595762,114,DOCTOR
41069533517,114,DOCTOR
10000000038,114,NURSE
10000000039,114,NURSE
10000000040,114,NURSE
10000000041,114,NURSE
10000000042,114,NURSE
10000000043,114,NURSE
20000000016,114,ADMIN
20000000017,114,ADMIN
31976884284,115,DOCTOR
44869451267,115,DOCTOR
45979296668,115,DOCTOR
10000000044,115,NURSE
10000000045,115,NURSE
10000000046,115,NURSE
10000000047,115,NURSE
10000000048,115,NURSE
10000000049,115,NURSE
20000000018,115,ADMIN
20000000019,115,ADMIN
32379434579,116,DOCTOR
46055220563,116,DOCTOR
50922589695,116,DOCTOR
10000000050,116,NURSE
10000000051,116,NURSE
10000000052,116,NURSE
10000000053,116,NURSE
10000000054,116,NURSE
10000000055,116,NURSE
20000000020,116,ADMIN
20000000021,116,ADMIN
33860842912,117,DOCTOR
51734845697,117,DOCTOR
51927673524,117,DOCTOR
10000000056,117,NURSE
10000000057,117,NURSE
10000000058,117,NURSE
10000000059,117,NURSE
10000000060,117,NURSE
10000000061,117,NURSE
20000000022,117,ADMIN
20000000023,117,ADMIN
35134846364,118,DOCTOR
52288372388,118,DOCTOR
53262763012,118,DOCTOR
10000000062,118,NURSE
10000000063,118,NURSE
10000000064,118,NURSE
10000000065,118,NURSE
10000000066,118,NURSE
10000000067,118,NURSE
20000000024,118,ADMIN
20000000025,118,ADMIN
36702445480,119,DOCTOR
53434182353,119,DOCTOR
53727815147,119,DOCTOR
10000000068,119,NURSE
10000000069,119,NURSE
10000000070,119,NURSE
10000000071,119,NURSE
10000000072,119,NURSE
10000000073,119,NURSE
20000000026,119,ADMIN
20000000027,119,ADMIN
40889689402,120,DOCTOR
55878996856,120,DOCTOR
56650467990,120,DOCTOR
10000000074,120,NURSE
10000000075,120,NURSE
10000000076,120,NURSE
10000000077,120,NURSE
10000000078,120,NURSE
10000000079,120,NURSE
20000000028,120,ADMIN
20000000029,120,ADMIN
47960718664,121,DOCTOR
57199282441,121,DOCTOR
60170274590,121,DOCTOR
10000000000,121,NURSE
10000000001,121,NURSE
10000000002,121,NURSE
10000000003,121,NURSE
10000000004,121,NURSE
10000000005,121,NURSE
20000000000,121,ADMIN
20000000001,121,ADMIN
48486875122,122,DOCTOR
60552999461,122,DOCTOR
62496380045,122,DOCTOR
10000000006,122,NURSE
10000000007,122,NURSE
10000000008,122,NURSE
10000000009,122,NURSE
10000000010,122,NURSE
10000000011,122,NURSE
20000000002,122,ADMIN
20000000003,122,ADMIN
56784597458,123,DOCTOR
62743168874,123,DOCTOR
65063112418,123,DOCTOR
10000000012,123,NURSE
10000000013,123,NURSE
10000000014,123,NURSE
10000000015,123,NURSE
10000000016,123,NURSE
10000000017,123,NURSE
20000000004,123,ADMIN
20000000005,123,ADMIN
60334753081,124,DOCTOR
67697807470,124,DOCTOR
67758463500,124,DOCTOR
10000000018,124,NURSE
10000000019,124,NURSE
10000000020,124,NURSE
10000000021,124,NURSE
10000000022,124,NURSE
10000000023,124,NURSE
20000000006,124,ADMIN
20000000007,124,ADMIN
60344799227,125,DOCTOR
73253025603,125,DOCTOR
74997800957,125,DOCTOR
10000000024,125,NURSE
10000000025,125,NURSE
10000000026,125,NURSE
10000000027,125,NURSE
10000000028,125,NURSE
10000000029,125,NURSE
20000000008,125,ADMIN
20000000009,125,ADMIN
62066779638,126,DOCTOR
78832401220,126,DOCTOR
82857924186,126,DOCTOR
10000000030,126,NURSE
10000000031,126,NURSE
10000000032,126,NURSE
10000000033,126,NURSE
10000000034,126,NURSE
10000000035,126,NURSE
20000000010,126,ADMIN
20000000011,126,ADMIN
74895326292,127,DOCTOR
89981892222,127,DOCTOR
94374664371,127,DOCTOR
10000000036,127,NURSE
10000000037,127,NURSE
10000000038,127,NURSE
10000000039,127,NURSE
10000000040,127,NURSE
10000000041,127,NURSE
20000000012,127,ADMIN
20000000013,127,ADMIN
75339133780,128,DOCTOR
95448079151,128,DOCTOR
98451520706,128,DOCTOR
10000000042,128,NURSE
10000000043,128,NURSE
10000000044,128,NURSE
10000000045,128,NURSE
10000000046,128,NURSE
10000000047,128,NURSE
20000000014,128,ADMIN
20000000015,128,ADMIN
77117947422,129,DOCTOR
98901183989,129,DOCTOR
99795619901,129,DOCTOR
10000000048,129,NURSE
10000000049,129,NURSE
10000000050,129,NURSE
10000000051,129,NURSE
10000000052,129,NURSE
10000000053,129,NURSE
20000000016,129,ADMIN
20000000017,129,ADMIN
80036372124,130,DOCTOR
81344410739,130,DOCTOR
83923788555,130,DOCTOR
10000000054,130,NURSE
10000000055,130,NURSE
10000000056,130,NURSE
10000000057,130,NURSE
10000000058,130,NURSE
10000000059,130,NURSE
20000000018,130,ADMIN
20000000019,130,ADMIN
84320135602,131,DOCTOR
85282038277,131,DOCTOR
90134508778,131,DOCTOR
10000000060,131,NURSE
10000000061,131,NURSE
10000000062,131,NURSE
10000000063,131,NURSE
10000000064,131,NURSE
10000000065,131,NURSE
20000000020,131,ADMIN
20000000021,131,ADMIN
90656248238,132,DOCTOR
91367023329,132,DOCTOR
92698522280,132,DOCTOR
10000000066,132,NURSE
10000000067,132,NURSE
10000000068,132,NURSE
10000000069,132,NURSE
10000000070,132,NURSE
10000000071,132,NURSE
20000000022,132,ADMIN
20000000023,132,ADMIN
94613426776,133,DOCTOR
96575194408,133,DOCTOR
97287210691,133,DOCTOR
10000000072,133,NURSE
10000000073,133,NURSE
10000000074,133,NURSE
10000000075,133,NURSE
10000000076,133,NURSE
10000000077,133,NURSE
20000000024,133,ADMIN
20000000025,133,ADMIN
15517900330,134,DOCTOR
18716063973,134,DOCTOR
98870684482,134,DOCTOR
10000000000,134,NURSE
10000000001,134,NURSE
10000000002,134,NURSE
10000000003,134,NURSE
10000000078,134,NURSE
10000000079,134,NURSE
20000000026,134,ADMIN
20000000027,134,ADMIN
13706183648,135,DOCTOR
20140926142,135,DOCTOR
22561283452,135,DOCTOR
10000000004,135,NURSE
10000000005,135,NURSE
10000000006,135,NURSE
10000000007,135,NURSE
10000000008,135,NURSE
10000000009,135,NURSE
20000000028,135,ADMIN
20000000029,135,ADMIN
18193427864,136,DOCTOR
22585413484,136,DOCTOR
27946441835,136,DOCTOR
10000000010,136,NURSE
10000000011,136,NURSE
10000000012,136,NURSE
10000000013,136,NURSE
10000000014,136,NURSE
10000000015,136,NURSE
20000000000,136,ADMIN
20000000001,136,ADMIN
19276620746,137,DOCTOR
30689575097,137,DOCTOR
30871168286,137,DOCTOR
10000000016,137,NURSE
10000000017,137,NURSE
10000000018,137,NURSE
10000000019,137,NURSE
10000000020,137,NURSE
10000000021,137,NURSE
20000000002,137,ADMIN
20000000003,137,ADMIN
20287442157,138,DOCTOR
33575450249,138,DOCTOR
35895166626,138,DOCTOR
10000000022,138,NURSE
10000000023,138,NURSE
10000000024,138,NURSE
10000000025,138,NURSE
10000000026,138,NURSE
10000000027,138,NURSE
20000000004,138,ADMIN
20000000005,138,ADMIN
21389790404,139,DOCTOR
37233268274,139,DOCTOR
38538288127,139,DOCTOR
10000000028,139,NURSE
10000000029,139,NURSE
10000000030,139,NURSE
10000000031,139,NURSE
10000000032,139,NURSE
10000000033,139,NURSE
20000000006,139,ADMIN
20000000007,139,ADMIN
30639295654,140,DOCTOR
39243562439,140,DOCTOR
40850595762,140,DOCTOR
10000000034,140,NURSE
10000000035,140,NURSE
10000000036,140,NURSE
10000000037,140,NURSE
10000000038,140,NURSE
10000000039,140,NURSE
20000000008,140,ADMIN
20000000009,140,ADMIN
31551628292,141,DOCTOR
41069533517,141,DOCTOR
44869451267,141,DOCTOR
10000000040,141,NURSE
10000000041,141,NURSE
10000000042,141,NURSE
10000000043,141,NURSE
10000000044,141,NURSE
10000000045,141,NURSE
20000000010,141,ADMIN
20000000011,141,ADMIN
31976884284,142,DOCTOR
45979296668,142,DOCTOR
46055220563,142,DOCTOR
10000000046,142,NURSE
10000000047,142,NURSE
10000000048,142,NURSE
10000000049,142,NURSE
10000000050,142,NURSE
10000000051,142,NURSE
20000000012,142,ADMIN
20000000013,142,ADMIN
32379434579,143,DOCTOR
50922589695,143,DOCTOR
51734845697,143,DOCTOR
10000000052,143,NURSE
10000000053,143,NURSE
10000000054,143,NURSE
10000000055,143,NURSE
10000000056,143,NURSE
10000000057,143,NURSE
20000000014,143,ADMIN
20000000015,143,ADMIN
33860842912,144,DOCTOR
51927673524,144,DOCTOR
52288372388,144,DOCTOR
10000000058,144,NURSE
10000000059,144,NURSE
10000000060,144,NURSE
10000000061,144,NURSE
10000000062,144,NURSE
10000000063,144,NURSE
20000000016,144,ADMIN
20000000017,144,ADMIN
35134846364,145,DOCTOR
53262763012,145,DOCTOR
53434182353,145,DOCTOR
10000000064,145,NURSE
10000000065,145,NURSE
10000000066,145,NURSE
10000000067,145,NURSE
10000000068,145,NURSE
10000000069,145,NURSE
20000000018,145,ADMIN
20000000019,145,ADMIN
36702445480,146,DOCTOR
53727815147,146,DOCTOR
55878996856,146,DOCTOR
10000000070,146,NURSE
10000000071,146,NURSE
10000000072,146,NURSE
10000000073,146,NURSE
10000000074,146,NURSE
10000000075,146,NURSE
20000000020,146,ADMIN
20000000021,146,ADMIN
40889689402,147,DOCTOR
56650467990,147,DOCTOR
57199282441,147,DOCTOR
10000000000,147,NURSE
10000000001,147,NURSE
10000000076,147,NURSE
10000000077,147,NURSE
10000000078,147,NURSE
10000000079,147,NURSE
20000000022,147,ADMIN
20000000023,147,ADMIN
47960718664,148,DOCTOR
60170274590,148,DOCTOR
60552999461,148,DOCTOR
10000000002,148,NURSE
10000000003,148,NURSE
10000000004,148,NURSE
10000000005,148,NURSE
10000000006,148,NURSE
10000000007,148,NURSE
20000000024,148,ADMIN
20000000025,148,ADMIN
48486875122,149,DOCTOR
62496380045,149,DOCTOR
62743168874,149,DOCTOR
10000000008,149,NURSE
10000000009,149,NURSE
10000000010,149,NURSE
10000000011,149,NURSE
10000000012,149,NURSE
10000000013,149,NURSE
20000000026,149,ADMIN
20000000027,149,ADMIN
56784597458,150,DOCTOR
65063112418,150,DOCTOR
67697807470,150,DOCTOR
10000000014,150,NURSE
10000000015,150,NURSE
10000000016,150,NURSE
10000000017,150,NURSE
10000000018,150,NURSE
10000000019,150,NURSE
20000000028,150,ADMIN
20000000029,150,ADMIN
60334753081,151,DOCTOR
67758463500,151,DOCTOR
73253025603,151,DOCTOR
10000000020,151,NURSE
10000000021,151,NURSE
10000000022,151,NURSE
10000000023,151,NURSE
10000000024,151,NURSE
10000000025,151,NURSE
20000000000,151,ADMIN
20000000001,151,ADMIN
60344799227,152,DOCTOR
74997800957,152,DOCTOR
78832401220,152,DOCTOR
10000000026,152,NURSE
10000000027,152,NURSE
10000000028,152,NURSE
10000000029,152,NURSE
10000000030,152,NURSE
10000000031,152,NURSE
20000000002,152,ADMIN
20000000003,152,ADMIN
62066779638,153,DOCTOR
82857924186,153,DOCTOR
89981892222,153,DOCTOR
10000000032,153,NURSE
10000000033,153,NURSE
10000000034,153,NURSE
10000000035,153,NURSE
10000000036,153,NURSE
10000000037,153,NURSE
20000000004,153,ADMIN
20000000005,153,ADMIN
74895326292,154,DOCTOR
94374664371,154,DOCTOR
95448079151,154,DOCTOR
10000000038,154,NURSE
10000000039,154,NURSE
10000000040,154,NURSE
10000000041,154,NURSE
10000000042,154,NURSE
10000000043,154,NURSE
20000000006,154,ADMIN
20000000007,154,ADMIN
75339133780,155,DOCTOR
98451520706,155,DOCTOR
98901183989,155,DOCTOR
10000000044,155,NURSE
10000000045,155,NURSE
10000000046,155,NURSE
10000000047,155,NURSE
10000000048,155,NURSE
10000000049,155,NURSE
20000000008,155,ADMIN
20000000009,155,ADMIN
77117947422,156,DOCTOR
80036372124,156,DOCTOR
99795619901,156,DOCTOR
10000000050,156,NURSE
10000000051,156,NURSE
10000000052,156,NURSE
10000000053,156,NURSE
10000000054,156,NURSE
10000000055,156,NURSE
20000000010,156,ADMIN
20000000011,156,ADMIN
81344410739,157,DOCTOR
83923788555,157,DOCTOR
84320135602,157,DOCTOR
10000000056,157,NURSE
10000000057,157,NURSE
10000000058,157,NURSE
10000000059,157,NURSE
10000000060,157,NURSE
10000000061,157,NURSE
20000000012,157,ADMIN
20000000013,157,ADMIN
85282038277,158,DOCTOR
90134508778,158,DOCTOR
90656248238,158,DOCTOR
10000000062,158,NURSE
10000000063,158,NURSE
10000000064,158,NURSE
10000000065,158,NURSE
10000000066,158,NURSE
10000000067,158,NURSE
20000000014,158,ADMIN
20000000015,158,ADMIN
91367023329,159,DOCTOR
92698522280,159,DOCTOR
94613426776,159,DOCTOR
10000000068,159,NURSE
10000000069,159,NURSE
10000000070,159,NURSE
10000000071,159,NURSE
10000000072,159,NURSE
10000000073,159,NURSE
20000000016,159,ADMIN
20000000017,159,ADMIN
96575194408,160,DOCTOR
97287210691,160,DOCTOR
98870684482,160,DOCTOR
10000000074,160,NURSE
10000000075,160,NURSE
10000000076,160,NURSE
10000000077,160,NURSE
10000000078,160,NURSE
10000000079,160,NURSE
20000000018,160,ADMIN
20000000019,160,ADMIN
13706183648,161,DOCTOR
15517900330,161,DOCTOR
18716063973,161,DOCTOR
10000000000,161,NURSE
10000000001,161,NURSE
10000000002,161,NURSE
10000000003,161,NURSE
10000000004,161,NURSE
10000000005,161,NURSE
20000000020,161,ADMIN
20000000021,161,ADMIN
18193427864,162,DOCTOR
20140926142,162,DOCTOR
22561283452,162,DOCTOR
10000000006,162,NURSE
10000000007,162,NURSE
10000000008,162,NURSE
10000000009,162,NURSE
10000000010,162,NURSE
10000000011,162,NURSE
20000000022,162,ADMIN
20000000023,162,ADMIN
19276620746,163,DOCTOR
22585413484,163,DOCTOR
27946441835,163,DOCTOR
10000000012,163,NURSE
10000000013,163,NURSE
10000000014,163,NURSE
10000000015,163,NURSE
10000000016,163,NURSE
10000000017,163,NURSE
20000000024,163,ADMIN
20000000025,163,ADMIN
20287442157,164,DOCTOR
30689575097,164,DOCTOR
30871168286,164,DOCTOR
10000000018,164,NURSE
10000000019,164,NURSE
10000000020,164,NURSE
10000000021,164,NURSE
10000000022,164,NURSE
10000000023,164,NURSE
20000000026,164,ADMIN
20000000027,164,ADMIN
21389790404,165,DOCTOR
33575450249,165,DOCTOR
35895166626,165,DOCTOR
10000000024,165,NURSE
10000000025,165,NURSE
10000000026,165,NURSE
10000000027,165,NURSE
10000000028,165,NURSE
10000000029,165,NURSE
20000000028,165,ADMIN
20000000029,165,ADMIN
30639295654,166,DOCTOR
37233268274,166,DOCTOR
38538288127,166,DOCTOR
10000000030,166,NURSE
10000000031,166,NURSE
10000000032,166,NURSE
10000000033,166,NURSE
10000000034,166,NURSE
10000000035,166,NURSE
20000000000,166,ADMIN
20000000001,166,ADMIN
31551628292,167,DOCTOR
39243562439,167,DOCTOR
40850595762,167,DOCTOR
10000000036,167,NURSE
10000000037,167,NURSE
10000000038,167,NURSE
10000000039,167,NURSE
10000000040,167,NURSE
10000000041,167,NURSE
20000000002,167,ADMIN
20000000003,167,ADMIN
31976884284,168,DOCTOR
41069533517,168,DOCTOR
44869451267,168,DOCTOR
10000000042,168,NURSE
10000000043,168,NURSE
10000000044,168,NURSE
10000000045,168,NURSE
10000000046,168,NURSE
10000000047,168,NURSE
20000000004,168,ADMIN
20000000005,168,ADMIN
32379434579,169,DOCTOR
45979296668,169,DOCTOR
46055220563,169,DOCTOR
10000000048,169,NURSE
10000000049,169,NURSE
10000000050,169,NURSE
10000000051,169,NURSE
10000000052,169,NURSE
10000000053,169,NURSE
20000000006,169,ADMIN
20000000007,169,ADMIN
33860842912,170,DOCTOR
50922589695,170,DOCTOR
51734845697,170,DOCTOR
10000000054,170,NURSE
10000000055,170,NURSE
10000000056,170,NURSE
10000000057,170,NURSE
10000000058,170,NURSE
10000000059,170,NURSE
20000000008,170,ADMIN
20000000009,170,ADMIN
35134846364,171,DOCTOR
51927673524,171,DOCTOR
52288372388,171,DOCTOR
10000000060,171,NURSE
10000000061,171,NURSE
10000000062,171,NURSE
10000000063,171,NURSE
10000000064,171,NURSE
10000000065,171,NURSE
20000000010,171,ADMIN
20000000011,171,ADMIN
36702445480,172,DOCTOR
53262763012,172,DOCTOR
53434182353,172,DOCTOR
10000000066,172,NURSE
10000000067,172,NURSE
10000000068,172,NURSE
10000000069,172,NURSE
10000000070,172,NURSE
10000000071,172,NURSE
20000000012,172,ADMIN
20000000013,172,ADMIN
40889689402,173,DOCTOR
53727815147,173,DOCTOR
55878996856,173,DOCTOR
10000000072,173,NURSE
10000000073,173,NURSE
10000000074,173,NURSE
10000000075,173,NURSE
10000000076,173,NURSE
10000000077,173,NURSE
20000000014,173,ADMIN
20000000015,173,ADMIN
47960718664,174,DOCTOR
56650467990,174,DOCTOR
57199282441,174,DOCTOR
10000000000,174,NURSE
10000000001,174,NURSE
10000000002,174,NURSE
10000000003,174,NURSE
10000000078,174,NURSE
10000000079,174,NURSE
20000000016,174,ADMIN
20000000017,174,ADMIN
48486875122,175,DOCTOR
60170274590,175,DOCTOR
60552999461,175,DOCTOR
10000000004,175,NURSE
10000000005,175,NURSE
10000000006,175,NURSE
10000000007,175,NURSE
10000000008,175,NURSE
10000000009,175,NURSE
20000000018,175,ADMIN
20000000019,175,ADMIN
56784597458,176,DOCTOR
62496380045,176,DOCTOR
62743168874,176,DOCTOR
10000000010,176,NURSE
10000000011,176,NURSE
10000000012,176,NURSE
10000000013,176,NURSE
10000000014,176,NURSE
10000000015,176,NURSE
20000000020,176,ADMIN
20000000021,176,ADMIN
60334753081,177,DOCTOR
65063112418,177,DOCTOR
67697807470,177,DOCTOR
10000000016,177,NURSE
10000000017,177,NURSE
10000000018,177,NURSE
10000000019,177,NURSE
10000000020,177,NURSE
10000000021,177,NURSE
20000000022,177,ADMIN
20000000023,177,ADMIN
60344799227,178,DOCTOR
67758463500,178,DOCTOR
73253025603,178,DOCTOR
10000000022,178,NURSE
10000000023,178,NURSE
10000000024,178,NURSE
10000000025,178,NURSE
10000000026,178,NURSE
10000000027,178,NURSE
20000000024,178,ADMIN
20000000025,178,ADMIN
62066779638,179,DOCTOR
74997800957,179,DOCTOR
78832401220,179,DOCTOR
10000000028,179,NURSE
10000000029,179,NURSE
10000000030,179,NURSE
10000000031,179,NURSE
10000000032,179,NURSE
10000000033,179,NURSE
20000000026,179,ADMIN
20000000027,179,ADMIN
74895326292,180,DOCTOR
82857924186,180,DOCTOR
89981892222,180,DOCTOR
10000000034,180,NURSE
10000000035,180,NURSE
10000000036,180,NURSE
10000000037,180,NURSE
10000000038,180,NURSE
10000000039,180,NURSE
20000000028,180,ADMIN
20000000029,180,ADMIN
75339133780,181,DOCTOR
94374664371,181,DOCTOR
95448079151,181,DOCTOR
10000000040,181,NURSE
10000000041,181,NURSE
10000000042,181,NURSE
10000000043,181,NURSE
10000000044,181,NURSE
10000000045,181,NURSE
20000000000,181,ADMIN
20000000001,181,ADMIN
77117947422,182,DOCTOR
98451520706,182,DOCTOR
98901183989,182,DOCTOR
10000000046,182,NURSE
10000000047,182,NURSE
10000000048,182,NURSE
10000000049,182,NURSE
10000000050,182,NURSE
10000000051,182,NURSE
20000000002,182,ADMIN
20000000003,182,ADMIN
80036372124,183,DOCTOR
81344410739,183,DOCTOR
99795619901,183,DOCTOR
10000000052,183,NURSE
10000000053,183,NURSE
10000000054,183,NURSE
10000000055,183,NURSE
10000000056,183,NURSE
10000000057,183,NURSE
20000000004,183,ADMIN
20000000005,183,ADMIN
83923788555,184,DOCTOR
84320135602,184,DOCTOR
85282038277,184,DOCTOR
10000000058,184,NURSE
10000000059,184,NURSE
10000000060,184,NURSE
10000000061,184,NURSE
10000000062,184,NURSE
10000000063,184,NURSE
20000000006,184,ADMIN
20000000007,184,ADMIN
90134508778,185,DOCTOR
90656248238,185,DOCTOR
91367023329,185,DOCTOR
10000000064,185,NURSE
10000000065,185,NURSE
10000000066,185,NURSE
10000000067,185,NURSE
10000000068,185,NURSE
10000000069,185,NURSE
20000000008,185,ADMIN
20000000009,185,ADMIN
92698522280,186,DOCTOR
94613426776,186,DOCTOR
96575194408,186,DOCTOR
10000000070,186,NURSE
10000000071,186,NURSE
10000000072,186,NURSE
10000000073,186,NURSE
10000000074,186,NURSE
10000000075,186,NURSE
20000000010,186,ADMIN
20000000011,186,ADMIN
15517900330,187,DOCTOR
97287210691,187,DOCTOR
98870684482,187,DOCTOR
10000000000,187,NURSE
10000000001,187,NURSE
10000000076,187,NURSE
10000000077,187,NURSE
10000000078,187,NURSE
10000000079,187,NURSE
20000000012,187,ADMIN
20000000013,187,ADMIN
13706183648,188,DOCTOR
18716063973,188,DOCTOR
20140926142,188,DOCTOR
10000000002,188,NURSE
10000000003,188,NURSE
10000000004,188,NURSE
10000000005,188,NURSE
10000000006,188,NURSE
10000000007,188,NURSE
20000000014,188,ADMIN
20000000015,188,ADMIN
18193427864,189,DOCTOR
22561283452,189,DOCTOR
22585413484,189,DOCTOR
10000000008,189,NURSE
10000000009,189,NURSE
10000000010,189,NURSE
10000000011,189,NURSE
10000000012,189,NURSE
10000000013,189,NURSE
20000000016,189,ADMIN
20000000017,189,ADMIN
19276620746,190,DOCTOR
27946441835,190,DOCTOR
30689575097,190,DOCTOR
10000000014,190,NURSE
10000000015,190,NURSE
10000000016,190,NURSE
10000000017,190,NURSE
10000000018,190,NURSE
10000000019,190,NURSE
20000000018,190,ADMIN
20000000019,190,ADMIN
20287442157,191,DOCTOR
30871168286,191,DOCTOR
33575450249,191,DOCTOR
10000000020,191,NURSE
10000000021,191,NURSE
10000000022,191,NURSE
10000000023,191,NURSE
10000000024,191,NURSE
10000000025,191,NURSE
20000000020,191,ADMIN
20000000021,191,ADMIN
21389790404,192,DOCTOR
35895166626,192,DOCTOR
37233268274,192,DOCTOR
10000000026,192,NURSE
10000000027,192,NURSE
10000000028,192,NURSE
10000000029,192,NURSE
10000000030,192,NURSE
10000000031,192,NURSE
20000000022,192,ADMIN
20000000023,192,ADMIN
30639295654,193,DOCTOR
38538288127,193,DOCTOR
39243562439,193,DOCTOR
10000000032,193,NURSE
10000000033,193,NURSE
10000000034,193,NURSE
10000000035,193,NURSE
10000000036,193,NURSE
10000000037,193,NURSE
20000000024,193,ADMIN
20000000025,193,ADMIN
31551628292,194,DOCTOR
40850595762,194,DOCTOR
41069533517,194,DOCTOR
10000000038,194,NURSE
10000000039,194,NURSE
10000000040,194,NURSE
10000000041,194,NURSE
10000000042,194,NURSE
10000000043,194,NURSE
20000000026,194,ADMIN
20000000027,194,ADMIN
31976884284,195,DOCTOR
44869451267,195,DOCTOR
45979296668,195,DOCTOR
10000000044,195,NURSE
10000000045,195,NURSE
10000000046,195,NURSE
10000000047,195,NURSE
10000000048,195,NURSE
10000000049,195,NURSE
20000000028,195,ADMIN
20000000029,195,ADMIN
32379434579,196,DOCTOR
46055220563,196,DOCTOR
50922589695,196,DOCTOR
10000000050,196,NURSE
10000000051,196,NURSE
10000000052,196,NURSE
10000000053,196,NURSE
10000000054,196,NURSE
10000000055,196,NURSE
20000000000,196,ADMIN
20000000001,196,ADMIN
33860842912,197,DOCTOR
51734845697,197,DOCTOR
51927673524,197,DOCTOR
10000000056,197,NURSE
10000000057,197,NURSE
10000000058,197,NURSE
10000000059,197,NURSE
10000000060,197,NURSE
10000000061,197,NURSE
20000000002,197,ADMIN
20000000003,197,ADMIN
35134846364,198,DOCTOR
52288372388,198,DOCTOR
53262763012,198,DOCTOR
10000000062,198,NURSE
10000000063,198,NURSE
10000000064,198,NURSE
10000000065,198,NURSE
10000000066,198,NURSE
10000000067,198,NURSE
20000000004,198,ADMIN
20000000005,198,ADMIN
36702445480,199,DOCTOR
53434182353,199,DOCTOR
53727815147,199,DOCTOR
10000000068,199,NURSE
10000000069,199,NURSE
10000000070,199,NURSE
10000000071,199,NURSE
10000000072,199,NURSE
10000000073,199,NURSE
20000000006,199,ADMIN
20000000007,199,ADMIN
40889689402,200,DOCTOR
55878996856,200,DOCTOR
56650467990,200,DOCTOR
10000000074,200,NURSE
10000000075,200,NURSE
10000000076,200,NURSE
10000000077,200,NURSE
10000000078,200,NURSE
10000000079,200,NURSE
20000000008,200,ADMIN
20000000009,200,ADMIN
47960718664,201,DOCTOR
57199282441,201,DOCTOR
60170274590,201,DOCTOR
10000000000,201,NURSE
10000000001,201,NURSE
10000000002,201,NURSE
10000000003,201,NURSE
10000000004,201,NURSE
10000000005,201,NURSE
20000000010,201,ADMIN
20000000011,201,ADMIN
48486875122,202,DOCTOR
60552999461,202,DOCTOR
62496380045,202,DOCTOR
10000000006,202,NURSE
10000000007,202,NURSE
10000000008,202,NURSE
10000000009,202,NURSE
10000000010,202,NURSE
10000000011,202,NURSE
20000000012,202,ADMIN
20000000013,202,ADMIN
56784597458,203,DOCTOR
62743168874,203,DOCTOR
65063112418,203,DOCTOR
10000000012,203,NURSE
10000000013,203,NURSE
10000000014,203,NURSE
10000000015,203,NURSE
10000000016,203,NURSE
10000000017,203,NURSE
20000000014,203,ADMIN
20000000015,203,ADMIN
60334753081,204,DOCTOR
67697807470,204,DOCTOR
67758463500,204,DOCTOR
10000000018,204,NURSE
10000000019,204,NURSE
10000000020,204,NURSE
10000000021,204,NURSE
10000000022,204,NURSE
10000000023,204,NURSE
20000000016,204,ADMIN
20000000017,204,ADMIN
60344799227,205,DOCTOR
73253025603,205,DOCTOR
74997800957,205,DOCTOR
10000000024,205,NURSE
10000000025,205,NURSE
10000000026,205,NURSE
10000000027,205,NURSE
10000000028,205,NURSE
10000000029,205,NURSE
20000000018,205,ADMIN
20000000019,205,ADMIN
62066779638,206,DOCTOR
78832401220,206,DOCTOR
82857924186,206,DOCTOR
10000000030,206,NURSE
10000000031,206,NURSE
10000000032,206,NURSE
10000000033,206,NURSE
10000000034,206,NURSE
10000000035,206,NURSE
20000000020,206,ADMIN
20000000021,206,ADMIN
74895326292,207,DOCTOR
89981892222,207,DOCTOR
94374664371,207,DOCTOR
10000000036,207,NURSE
10000000037,207,NURSE
10000000038,207,NURSE
10000000039,207,NURSE
10000000040,207,NURSE
10000000041,207,NURSE
20000000022,207,ADMIN
20000000023,207,ADMIN
75339133780,208,DOCTOR
95448079151,208,DOCTOR
98451520706,208,DOCTOR
10000000042,208,NURSE
10000000043,208,NURSE
10000000044,208,NURSE
10000000045,208,NURSE
10000000046,208,NURSE
10000000047,208,NURSE
20000000024,208,ADMIN
20000000025,208,ADMIN
77117947422,209,DOCTOR
98901183989,209,DOCTOR
99795619901,209,DOCTOR
10000000048,209,NURSE
10000000049,209,NURSE
10000000050,209,NURSE
10000000051,209,NURSE
10000000052,209,NURSE
10000000053,209,NURSE
20000000026,209,ADMIN
20000000027,209,ADMIN
80036372124,210,DOCTOR
81344410739,210,DOCTOR
83923788555,210,DOCTOR
10000000054,210,NURSE
10000000055,210,NURSE
10000000056,210,NURSE
10000000057,210,NURSE
10000000058,210,NURSE
10000000059,210,NURSE
20000000028,210,ADMIN
20000000029,210,ADMIN
84320135602,211,DOCTOR
85282038277,211,DOCTOR
90134508778,211,DOCTOR
10000000060,211,NURSE
10000000061,211,NURSE
10000000062,211,NURSE
10000000063,211,NURSE
10000000064,211,NURSE
10000000065,211,NURSE
20000000000,211,ADMIN
20000000001,211,ADMIN
90656248238,212,DOCTOR
91367023329,212,DOCTOR
92698522280,212,DOCTOR
10000000066,212,NURSE
10000000067,212,NURSE
10000000068,212,NURSE
10000000069,212,NURSE
10000000070,212,NURSE
10000000071,212,NURSE
20000000002,212,ADMIN
20000000003,212,ADMIN
94613426776,213,DOCTOR
96575194408,213,DOCTOR
97287210691,213,DOCTOR
10000000072,213,NURSE
10000000073,213,NURSE
10000000074,213,NURSE
10000000075,213,NURSE
10000000076,213,NURSE
10000000077,213,NURSE
20000000004,213,ADMIN
20000000005,213,ADMIN
15517900330,214,DOCTOR
18716063973,214,DOCTOR
98870684482,214,DOCTOR
10000000000,214,NURSE
10000000001,214,NURSE
10000000002,214,NURSE
10000000003,214,NURSE
10000000078,214,NURSE
10000000079,214,NURSE
20000000006,214,ADMIN
20000000007,214,ADMIN
13706183648,215,DOCTOR
20140926142,215,DOCTOR
22561283452,215,DOCTOR
10000000004,215,NURSE
10000000005,215,NURSE
10000000006,215,NURSE
10000000007,215,NURSE
10000000008,215,NURSE
10000000009,215,NURSE
20000000008,215,ADMIN
20000000009,215,ADMIN
18193427864,216,DOCTOR
22585413484,216,DOCTOR
27946441835,216,DOCTOR
10000000010,216,NURSE
10000000011,216,NURSE
10000000012,216,NURSE
10000000013,216,NURSE
10000000014,216,NURSE
10000000015,216,NURSE
20000000010,216,ADMIN
20000000011,216,ADMIN
19276620746,217,DOCTOR
30689575097,217,DOCTOR
30871168286,217,DOCTOR
10000000016,217,NURSE
10000000017,217,NURSE
10000000018,217,NURSE
10000000019,217,NURSE
10000000020,217,NURSE
10000000021,217,NURSE
20000000012,217,ADMIN
20000000013,217,ADMIN
20287442157,218,DOCTOR
33575450249,218,DOCTOR
35895166626,218,DOCTOR
10000000022,218,NURSE
10000000023,218,NURSE
10000000024,218,NURSE
10000000025,218,NURSE
10000000026,218,NURSE
10000000027,218,NURSE
20000000014,218,ADMIN
20000000015,218,ADMIN
21389790404,219,DOCTOR
37233268274,219,DOCTOR
38538288127,219,DOCTOR
10000000028,219,NURSE
10000000029,219,NURSE
10000000030,219,NURSE
10000000031,219,NURSE
10000000032,219,NURSE
10000000033,219,NURSE
20000000016,219,ADMIN
20000000017,219,ADMIN
30639295654,220,DOCTOR
39243562439,220,DOCTOR
40850595762,220,DOCTOR
10000000034,220,NURSE
10000000035,220,NURSE
10000000036,220,NURSE
10000000037,220,NURSE
10000000038,220,NURSE
10000000039,220,NURSE
20000000018,220,ADMIN
20000000019,220,ADMIN
31551628292,221,DOCTOR
41069533517,221,DOCTOR
44869451267,221,DOCTOR
10000000040,221,NURSE
10000000041,221,NURSE
10000000042,221,NURSE
10000000043,221,NURSE
10000000044,221,NURSE
10000000045,221,NURSE
20000000020,221,ADMIN
20000000021,221,ADMIN
31976884284,222,DOCTOR
45979296668,222,DOCTOR
46055220563,222,DOCTOR
10000000046,222,NURSE
10000000047,222,NURSE
10000000048,222,NURSE
10000000049,222,NURSE
10000000050,222,NURSE
10000000051,222,NURSE
20000000022,222,ADMIN
20000000023,222,ADMIN
32379434579,223,DOCTOR
50922589695,223,DOCTOR
51734845697,223,DOCTOR
10000000052,223,NURSE
10000000053,223,NURSE
10000000054,223,NURSE
10000000055,223,NURSE
10000000056,223,NURSE
10000000057,223,NURSE
20000000024,223,ADMIN
20000000025,223,ADMIN
33860842912,224,DOCTOR
51927673524,224,DOCTOR
52288372388,224,DOCTOR
10000000058,224,NURSE
10000000059,224,NURSE
10000000060,224,NURSE
10000000061,224,NURSE
10000000062,224,NURSE
10000000063,224,NURSE
20000000026,224,ADMIN
20000000027,224,ADMIN
35134846364,225,DOCTOR
53262763012,225,DOCTOR
53434182353,225,DOCTOR
10000000064,225,NURSE
10000000065,225,NURSE
10000000066,225,NURSE
10000000067,225,NURSE
10000000068,225,NURSE
10000000069,225,NURSE
20000000028,225,ADMIN
20000000029,225,ADMIN
36702445480,226,DOCTOR
53727815147,226,DOCTOR
55878996856,226,DOCTOR
10000000070,226,NURSE
10000000071,226,NURSE
10000000072,226,NURSE
10000000073,226,NURSE
10000000074,226,NURSE
10000000075,226,NURSE
20000000000,226,ADMIN
20000000001,226,ADMIN
40889689402,227,DOCTOR
56650467990,227,DOCTOR
57199282441,227,DOCTOR
10000000000,227,NURSE
10000000001,227,NURSE
10000000076,227,NURSE
10000000077,227,NURSE
10000000078,227,NURSE
10000000079,227,NURSE
20000000002,227,ADMIN
20000000003,227,ADMIN
47960718664,228,DOCTOR
60170274590,228,DOCTOR
60552999461,228,DOCTOR
10000000002,228,NURSE
10000000003,228,NURSE
10000000004,228,NURSE
10000000005,228,NURSE
10000000006,228,NURSE
10000000007,228,NURSE
20000000004,228,ADMIN
20000000005,228,ADMIN
48486875122,229,DOCTOR
62496380045,229,DOCTOR
62743168874,229,DOCTOR
10000000008,229,NURSE
10000000009,229,NURSE
10000000010,229,NURSE
10000000011,229,NURSE
10000000012,229,NURSE
10000000013,229,NURSE
20000000006,229,ADMIN
20000000007,229,ADMIN
56784597458,230,DOCTOR
65063112418,230,DOCTOR
67697807470,230,DOCTOR
10000000014,230,NURSE
10000000015,230,NURSE
10000000016,230,NURSE
10000000017,230,NURSE
10000000018,230,NURSE
10000000019,230,NURSE
20000000008,230,ADMIN
20000000009,230,ADMIN
60334753081,231,DOCTOR
67758463500,231,DOCTOR
73253025603,231,DOCTOR
10000000020,231,NURSE
10000000021,231,NURSE
10000000022,231,NURSE
10000000023,231,NURSE
10000000024,231,NURSE
10000000025,231,NURSE
20000000010,231,ADMIN
20000000011,231,ADMIN
60344799227,232,DOCTOR
74997800957,232,DOCTOR
78832401220,232,DOCTOR
10000000026,232,NURSE
10000000027,232,NURSE
10000000028,232,NURSE
10000000029,232,NURSE
10000000030,232,NURSE
10000000031,232,NURSE
20000000012,232,ADMIN
20000000013,232,ADMIN
62066779638,233,DOCTOR
82857924186,233,DOCTOR
89981892222,233,DOCTOR
10000000032,233,NURSE
10000000033,233,NURSE
10000000034,233,NURSE
10000000035,233,NURSE
10000000036,233,NURSE
10000000037,233,NURSE
20000000014,233,ADMIN
20000000015,233,ADMIN
74895326292,234,DOCTOR
94374664371,234,DOCTOR
95448079151,234,DOCTOR
10000000038,234,NURSE
10000000039,234,NURSE
10000000040,234,NURSE
10000000041,234,NURSE
10000000042,234,NURSE
10000000043,234,NURSE
20000000016,234,ADMIN
20000000017,234,ADMIN
75339133780,235,DOCTOR
98451520706,235,DOCTOR
98901183989,235,DOCTOR
10000000044,235,NURSE
10000000045,235,NURSE
10000000046,235,NURSE
10000000047,235,NURSE
10000000048,235,NURSE
10000000049,235,NURSE
20000000018,235,ADMIN
20000000019,235,ADMIN
77117947422,236,DOCTOR
80036372124,236,DOCTOR
99795619901,236,DOCTOR
10000000050,236,NURSE
10000000051,236,NURSE
10000000052,236,NURSE
10000000053,236,NURSE
10000000054,236,NURSE
10000000055,236,NURSE
20000000020,236,ADMIN
20000000021,236,ADMIN
81344410739,237,DOCTOR
83923788555,237,DOCTOR
84320135602,237,DOCTOR
10000000056,237,NURSE
10000000057,237,NURSE
10000000058,237,NURSE
10000000059,237,NURSE
10000000060,237,NURSE
10000000061,237,NURSE
20000000022,237,ADMIN
20000000023,237,ADMIN
85282038277,238,DOCTOR
90134508778,238,DOCTOR
90656248238,238,DOCTOR
10000000062,238,NURSE
10000000063,238,NURSE
10000000064,238,NURSE
10000000065,238,NURSE
10000000066,238,NURSE
10000000067,238,NURSE
20000000024,238,ADMIN
20000000025,238,ADMIN
91367023329,239,DOCTOR
92698522280,239,DOCTOR
94613426776,239,DOCTOR
10000000068,239,NURSE
10000000069,239,NURSE
10000000070,239,NURSE
10000000071,239,NURSE
10000000072,239,NURSE
10000000073,239,NURSE
20000000026,239,ADMIN
20000000027,239,ADMIN
96575194408,240,DOCTOR
97287210691,240,DOCTOR
98870684482,240,DOCTOR
10000000074,240,NURSE
10000000075,240,NURSE
10000000076,240,NURSE
10000000077,240,NURSE
10000000078,240,NURSE
10000000079,240,NURSE
20000000028,240,ADMIN
20000000029,240,ADMIN
13706183648,241,DOCTOR
15517900330,241,DOCTOR
18716063973,241,DOCTOR
10000000000,241,NURSE
10000000001,241,NURSE
10000000002,241,NURSE
10000000003,241,NURSE
10000000004,241,NURSE
10000000005,241,NURSE
20000000000,241,ADMIN
20000000001,241,ADMIN
18193427864,242,DOCTOR
20140926142,242,DOCTOR
22561283452,242,DOCTOR
10000000006,242,NURSE
10000000007,242,NURSE
10000000008,242,NURSE
10000000009,242,NURSE
10000000010,242,NURSE
10000000011,242,NURSE
20000000002,242,ADMIN
20000000003,242,ADMIN
19276620746,243,DOCTOR
22585413484,243,DOCTOR
27946441835,243,DOCTOR
10000000012,243,NURSE
10000000013,243,NURSE
10000000014,243,NURSE
10000000015,243,NURSE
10000000016,243,NURSE
10000000017,243,NURSE
20000000004,243,ADMIN
20000000005,243,ADMIN
20287442157,244,DOCTOR
30689575097,244,DOCTOR
30871168286,244,DOCTOR
10000000018,244,NURSE
10000000019,244,NURSE
10000000020,244,NURSE
10000000021,244,NURSE
10000000022,244,NURSE
10000000023,244,NURSE
20000000006,244,ADMIN
20000000007,244,ADMIN
21389790404,245,DOCTOR
33575450249,245,DOCTOR
35895166626,245,DOCTOR
10000000024,245,NURSE
10000000025,245,NURSE
10000000026,245,NURSE
10000000027,245,NURSE
10000000028,245,NURSE
10000000029,245,NURSE
20000000008,245,ADMIN
20000000009,245,ADMIN
30639295654,246,DOCTOR
37233268274,246,DOCTOR
38538288127,246,DOCTOR
10000000030,246,NURSE
10000000031,246,NURSE
10000000032,246,NURSE
10000000033,246,NURSE
10000000034,246,NURSE
10000000035,246,NURSE
20000000010,246,ADMIN
20000000011,246,ADMIN
31551628292,247,DOCTOR
39243562439,247,DOCTOR
40850595762,247,DOCTOR
10000000036,247,NURSE
10000000037,247,NURSE
10000000038,247,NURSE
10000000039,247,NURSE
10000000040,247,NURSE
10000000041,247,NURSE
20000000012,247,ADMIN
20000000013,247,ADMIN
31976884284,248,DOCTOR
41069533517,248,DOCTOR
44869451267,248,DOCTOR
10000000042,248,NURSE
10000000043,248,NURSE
10000000044,248,NURSE
10000000045,248,NURSE
10000000046,248,NURSE
10000000047,248,NURSE
20000000014,248,ADMIN
20000000015,248,ADMIN
32379434579,249,DOCTOR
45979296668,249,DOCTOR
46055220563,249,DOCTOR
10000000048,249,NURSE
10000000049,249,NURSE
10000000050,249,NURSE
10000000051,249,NURSE
10000000052,249,NURSE
10000000053,249,NURSE
20000000016,249,ADMIN
20000000017,249,ADMIN
33860842912,250,DOCTOR
50922589695,250,DOCTOR
51734845697,250,DOCTOR
10000000054,250,NURSE
10000000055,250,NURSE
10000000056,250,NURSE
10000000057,250,NURSE
10000000058,250,NURSE
10000000059,250,NURSE
20000000018,250,ADMIN
20000000019,250,ADMIN
35134846364,251,DOCTOR
51927673524,251,DOCTOR
52288372388,251,DOCTOR
10000000060,251,NURSE
10000000061,251,NURSE
10000000062,251,NURSE
10000000063,251,NURSE
10000000064,251,NURSE
10000000065,251,NURSE
20000000020,251,ADMIN
20000000021,251,ADMIN
36702445480,252,DOCTOR
53262763012,252,DOCTOR
53434182353,252,DOCTOR
10000000066,252,NURSE
10000000067,252,NURSE
10000000068,252,NURSE
10000000069,252,NURSE
10000000070,252,NURSE
10000000071,252,NURSE
20000000022,252,ADMIN
20000000023,252,ADMIN
40889689402,253,DOCTOR
53727815147,253,DOCTOR
55878996856,253,DOCTOR
10000000072,253,NURSE
10000000073,253,NURSE
10000000074,253,NURSE
10000000075,253,NURSE
10000000076,253,NURSE
10000000077,253,NURSE
20000000024,253,ADMIN
20000000025,253,ADMIN
47960718664,254,DOCTOR
56650467990,254,DOCTOR
57199282441,254,DOCTOR
10000000000,254,NURSE
10000000001,254,NURSE
10000000002,254,NURSE
10000000003,254,NURSE
10000000078,254,NURSE
10000000079,254,NURSE
20000000026,254,ADMIN
20000000027,254,ADMIN
48486875122,255,DOCTOR
60170274590,255,DOCTOR
60552999461,255,DOCTOR
10000000004,255,NURSE
10000000005,255,NURSE
10000000006,255,NURSE
10000000007,255,NURSE
10000000008,255,NURSE
10000000009,255,NURSE
20000000028,255,ADMIN
20000000029,255,ADMIN
56784597458,256,DOCTOR
62496380045,256,DOCTOR
62743168874,256,DOCTOR
10000000010,256,NURSE
10000000011,256,NURSE
10000000012,256,NURSE
10000000013,256,NURSE
10000000014,256,NURSE
10000000015,256,NURSE
20000000000,256,ADMIN
20000000001,256,ADMIN
60334753081,257,DOCTOR
65063112418,257,DOCTOR
67697807470,257,DOCTOR
10000000016,257,NURSE
10000000017,257,NURSE
10000000018,257,NURSE
10000000019,257,NURSE
10000000020,257,NURSE
10000000021,257,NURSE
20000000002,257,ADMIN
20000000003,257,ADMIN
60344799227,258,DOCTOR
67758463500,258,DOCTOR
73253025603,258,DOCTOR
10000000022,258,NURSE
10000000023,258,NURSE
10000000024,258,NURSE
10000000025,258,NURSE
10000000026,258,NURSE
10000000027,258,NURSE
20000000004,258,ADMIN
20000000005,258,ADMIN
62066779638,259,DOCTOR
74997800957,259,DOCTOR
78832401220,259,DOCTOR
10000000028,259,NURSE
10000000029,259,NURSE
10000000030,259,NURSE
10000000031,259,NURSE
10000000032,259,NURSE
10000000033,259,NURSE
20000000006,259,ADMIN
20000000007,259,ADMIN
74895326292,260,DOCTOR
82857924186,260,DOCTOR
89981892222,260,DOCTOR
10000000034,260,NURSE
10000000035,260,NURSE
10000000036,260,NURSE
10000000037,260,NURSE
10000000038,260,NURSE
10000000039,260,NURSE
20000000008,260,ADMIN
20000000009,260,ADMIN
75339133780,261,DOCTOR
94374664371,261,DOCTOR
95448079151,261,DOCTOR
10000000040,261,NURSE
10000000041,261,NURSE
10000000042,261,NURSE
10000000043,261,NURSE
10000000044,261,NURSE
10000000045,261,NURSE
20000000010,261,ADMIN
20000000011,261,ADMIN
77117947422,262,DOCTOR
98451520706,262,DOCTOR
98901183989,262,DOCTOR
10000000046,262,NURSE
10000000047,262,NURSE
10000000048,262,NURSE
10000000049,262,NURSE
10000000050,262,NURSE
10000000051,262,NURSE
20000000012,262,ADMIN
20000000013,262,ADMIN
80036372124,263,DOCTOR
81344410739,263,DOCTOR
99795619901,263,DOCTOR
10000000052,263,NURSE
10000000053,263,NURSE
10000000054,263,NURSE
10000000055,263,NURSE
10000000056,263,NURSE
10000000057,263,NURSE
20000000014,263,ADMIN
20000000015,263,ADMIN
83923788555,264,DOCTOR
84320135602,264,DOCTOR
85282038277,264,DOCTOR
10000000058,264,NURSE
10000000059,264,NURSE
10000000060,264,NURSE
10000000061,264,NURSE
10000000062,264,NURSE
10000000063,264,NURSE
20000000016,264,ADMIN
20000000017,264,ADMIN
90134508778,265,DOCTOR
90656248238,265,DOCTOR
91367023329,265,DOCTOR
10000000064,265,NURSE
10000000065,265,NURSE
10000000066,265,NURSE
10000000067,265,NURSE
10000000068,265,NURSE
10000000069,265,NURSE
20000000018,265,ADMIN
20000000019,265,ADMIN
92698522280,266,DOCTOR
94613426776,266,DOCTOR
96575194408,266,DOCTOR
10000000070,266,NURSE
10000000071,266,NURSE
10000000072,266,NURSE
10000000073,266,NURSE
10000000074,266,NURSE
10000000075,266,NURSE
20000000020,266,ADMIN
20000000021,266,ADMIN
